id_user,id_row
1,0
10,1
100,2
1000,3
1001,4
1002,5
1003,6
1004,7
1005,8
1006,9
1007,10
1008,11
1009,12
101,13
1010,14
1011,15
1012,16
1013,17
1014,18
1015,19
1016,20
1017,21
1018,22
1019,23
102,24
1020,25
1021,26
1022,27
1023,28
1024,29
1025,30
1026,31
1027,32
1028,33
1029,34
103,35
1030,36
1031,37
1032,38
1033,39
1034,40
1035,41
1036,42
1037,43
1038,44
1039,45
104,46
1040,47
1041,48
1042,49
1043,50
1044,51
1045,52
1046,53
1047,54
1048,55
1049,56
105,57
1050,58
1051,59
1052,60
1053,61
1054,62
1055,63
1056,64
1057,65
1058,66
1059,67
106,68
1060,69
1061,70
1062,71
1063,72
1064,73
1065,74
1066,75
1067,76
1068,77
1069,78
107,79
1070,80
1071,81
1072,82
1073,83
1074,84
1075,85
1076,86
1077,87
1078,88
1079,89
108,90
1080,91
1081,92
1082,93
1083,94
1084,95
1085,96
1086,97
1087,98
1088,99
1089,100
109,101
1090,102
1091,103
1092,104
1093,105
1094,106
1095,107
1096,108
1097,109
1098,110
1099,111
11,112
110,113
1100,114
1101,115
1102,116
1103,117
1104,118
1105,119
1106,120
1107,121
1108,122
1109,123
111,124
1110,125
1111,126
1112,127
1113,128
1114,129
1115,130
1116,131
1117,132
1118,133
1119,134
112,135
1120,136
1121,137
1122,138
1123,139
1124,140
1125,141
1126,142
1127,143
1128,144
1129,145
113,146
1130,147
1131,148
1132,149
1133,150
1134,151
1135,152
1136,153
1137,154
1138,155
1139,156
114,157
1140,158
1141,159
1142,160
1143,161
1144,162
1145,163
1146,164
1147,165
1148,166
1149,167
115,168
1150,169
1151,170
1152,171
1153,172
1154,173
1155,174
1156,175
1157,176
1158,177
1159,178
116,179
1160,180
1161,181
1162,182
1163,183
1164,184
1165,185
1166,186
1167,187
1168,188
1169,189
117,190
1170,191
1171,192
1172,193
1173,194
1174,195
1175,196
1176,197
1177,198
1178,199
1179,200
118,201
1180,202
1181,203
1182,204
1183,205
1184,206
1185,207
1186,208
1187,209
1188,210
1189,211
119,212
1190,213
1191,214
1192,215
1193,216
1194,217
1195,218
1196,219
1197,220
1198,221
1199,222
12,223
120,224
1200,225
1201,226
1202,227
1203,228
1204,229
1205,230
1206,231
1207,232
1208,233
1209,234
121,235
1210,236
1211,237
1212,238
1213,239
1214,240
1215,241
1216,242
1217,243
1218,244
1219,245
122,246
1220,247
1221,248
1222,249
1223,250
1224,251
1225,252
1226,253
1227,254
1228,255
1229,256
123,257
1230,258
1231,259
1232,260
1233,261
1234,262
1235,263
1236,264
1237,265
1238,266
1239,267
124,268
1240,269
1241,270
1242,271
1243,272
1244,273
1245,274
1246,275
1247,276
1248,277
1249,278
125,279
1250,280
1251,281
1252,282
1253,283
1254,284
1255,285
1256,286
1257,287
1258,288
1259,289
126,290
1260,291
1261,292
1262,293
1263,294
1264,295
1265,296
1266,297
1267,298
1268,299
1269,300
127,301
1270,302
1271,303
1272,304
1273,305
1274,306
1275,307
1276,308
1277,309
1278,310
1279,311
128,312
1280,313
1281,314
1282,315
1283,316
1284,317
1285,318
1286,319
1287,320
1288,321
1289,322
129,323
1290,324
1291,325
1292,326
1293,327
1294,328
1295,329
1296,330
1297,331
1298,332
1299,333
13,334
130,335
1300,336
1301,337
1302,338
1303,339
1304,340
1305,341
1306,342
1307,343
1308,344
1309,345
131,346
1310,347
1311,348
1312,349
1313,350
1314,351
1315,352
1316,353
1317,354
1318,355
1319,356
132,357
1320,358
1321,359
1322,360
1323,361
1324,362
1325,363
1326,364
1327,365
1328,366
1329,367
133,368
1330,369
1331,370
1332,371
1333,372
1334,373
1335,374
1336,375
1337,376
1338,377
1339,378
134,379
1340,380
1341,381
1342,382
1343,383
1344,384
1345,385
1346,386
1347,387
1348,388
1349,389
135,390
1350,391
1351,392
1352,393
1353,394
1354,395
1355,396
1356,397
1357,398
1358,399
1359,400
136,401
1360,402
1361,403
1362,404
1363,405
1364,406
1365,407
1366,408
1367,409
1368,410
1369,411
137,412
1370,413
1371,414
1372,415
1373,416
1374,417
1375,418
1376,419
1377,420
1378,421
1379,422
138,423
1380,424
1381,425
1382,426
1383,427
1384,428
1385,429
1386,430
1387,431
1388,432
1389,433
139,434
1390,435
1391,436
1392,437
1393,438
1394,439
1395,440
1396,441
1397,442
1398,443
1399,444
14,445
140,446
1400,447
1401,448
1402,449
1403,450
1404,451
1405,452
1406,453
1407,454
1408,455
1409,456
141,457
1410,458
1411,459
1412,460
1413,461
1414,462
1415,463
1416,464
1417,465
1418,466
1419,467
142,468
1420,469
1421,470
1422,471
1423,472
1424,473
1425,474
1426,475
1427,476
1428,477
1429,478
143,479
1430,480
1431,481
1432,482
1433,483
1434,484
1435,485
1436,486
1437,487
1438,488
1439,489
144,490
1440,491
1441,492
1442,493
1443,494
1444,495
1445,496
1446,497
1447,498
1448,499
1449,500
145,501
1450,502
1451,503
1452,504
1453,505
1454,506
1455,507
1456,508
1457,509
1458,510
1459,511
146,512
1460,513
1461,514
1462,515
1463,516
1464,517
1465,518
1466,519
1467,520
1468,521
1469,522
147,523
1470,524
1471,525
1472,526
1473,527
1474,528
1475,529
1476,530
1477,531
1478,532
1479,533
148,534
1480,535
1481,536
1482,537
1483,538
1484,539
1485,540
1486,541
1487,542
1488,543
1489,544
149,545
1490,546
1491,547
1492,548
1493,549
1494,550
1495,551
1496,552
1497,553
1498,554
1499,555
15,556
150,557
1500,558
1501,559
1502,560
1503,561
1504,562
1505,563
1506,564
1507,565
1508,566
1509,567
151,568
1510,569
1511,570
1512,571
1513,572
1514,573
1515,574
1516,575
1517,576
1518,577
1519,578
152,579
1520,580
1521,581
1522,582
1523,583
1524,584
1525,585
1526,586
1527,587
1528,588
1529,589
153,590
1530,591
1531,592
1532,593
1533,594
1534,595
1535,596
1536,597
1537,598
1538,599
1539,600
154,601
1540,602
1541,603
1542,604
1543,605
1544,606
1545,607
1546,608
1547,609
1548,610
1549,611
155,612
1550,613
1551,614
1552,615
1553,616
1554,617
1555,618
1556,619
1557,620
1558,621
1559,622
156,623
1560,624
1561,625
1562,626
1563,627
1564,628
1565,629
1566,630
1567,631
1568,632
1569,633
157,634
1570,635
1571,636
1572,637
1573,638
1574,639
1575,640
1576,641
1577,642
1578,643
1579,644
158,645
1580,646
1581,647
1582,648
1583,649
1584,650
1585,651
1586,652
1587,653
1588,654
1589,655
159,656
1590,657
1591,658
1592,659
1593,660
1594,661
1595,662
1596,663
1597,664
1598,665
1599,666
16,667
160,668
1600,669
1601,670
1602,671
1603,672
1604,673
1605,674
1606,675
1607,676
1608,677
1609,678
161,679
1610,680
1611,681
1612,682
1613,683
1614,684
1615,685
1616,686
1617,687
1618,688
1619,689
162,690
1620,691
1621,692
1622,693
1623,694
1624,695
1625,696
1626,697
1627,698
1628,699
1629,700
163,701
1630,702
1631,703
1632,704
1633,705
1634,706
1635,707
1636,708
1637,709
1638,710
1639,711
164,712
1640,713
1641,714
1642,715
1643,716
1644,717
1645,718
1646,719
1647,720
1648,721
1649,722
165,723
1650,724
1651,725
1652,726
1653,727
1654,728
1655,729
1656,730
1657,731
1658,732
1659,733
166,734
1660,735
1661,736
1662,737
1663,738
1664,739
1665,740
1666,741
1667,742
1668,743
1669,744
167,745
1670,746
1671,747
1672,748
1673,749
1674,750
1675,751
1676,752
1677,753
1678,754
1679,755
168,756
1680,757
1681,758
1682,759
1683,760
1684,761
1685,762
1686,763
1687,764
1688,765
1689,766
169,767
1690,768
1691,769
1692,770
1693,771
1694,772
1695,773
1696,774
1697,775
1698,776
1699,777
17,778
170,779
1700,780
1701,781
1702,782
1703,783
1704,784
1705,785
1706,786
1707,787
1708,788
1709,789
171,790
1710,791
1711,792
1712,793
1713,794
1714,795
1715,796
1716,797
1717,798
1718,799
1719,800
172,801
1720,802
1721,803
1722,804
1723,805
1724,806
1725,807
1726,808
1727,809
1728,810
1729,811
173,812
1730,813
1731,814
1732,815
1733,816
1734,817
1735,818
1736,819
1737,820
1738,821
1739,822
174,823
1740,824
1741,825
1742,826
1743,827
1744,828
1745,829
1746,830
1747,831
1748,832
1749,833
175,834
1750,835
1751,836
1752,837
1753,838
1754,839
1755,840
1756,841
1757,842
1758,843
1759,844
176,845
1760,846
1761,847
1762,848
1763,849
1764,850
1765,851
1766,852
1767,853
1768,854
1769,855
177,856
1770,857
1771,858
1772,859
1773,860
1774,861
1775,862
1776,863
1777,864
1778,865
1779,866
178,867
1780,868
1781,869
1782,870
1783,871
1784,872
1785,873
1786,874
1787,875
1788,876
1789,877
179,878
1790,879
1791,880
1792,881
1793,882
1794,883
1795,884
1796,885
1797,886
1798,887
1799,888
18,889
180,890
1800,891
1801,892
1802,893
1803,894
1804,895
1805,896
1806,897
1807,898
1808,899
1809,900
181,901
1810,902
1811,903
1812,904
1813,905
1814,906
1815,907
1816,908
1817,909
1818,910
1819,911
182,912
1820,913
1821,914
1822,915
1823,916
1824,917
1825,918
1826,919
1827,920
1828,921
1829,922
183,923
1830,924
1831,925
1832,926
1833,927
1834,928
1835,929
1836,930
1837,931
1838,932
1839,933
184,934
1840,935
1841,936
1842,937
1843,938
1844,939
1845,940
1846,941
1847,942
1848,943
1849,944
185,945
1850,946
1851,947
1852,948
1853,949
1854,950
1855,951
1856,952
1857,953
1858,954
1859,955
186,956
1860,957
1861,958
1862,959
1863,960
1864,961
1865,962
1866,963
1867,964
1868,965
1869,966
187,967
1870,968
1871,969
1872,970
1873,971
1874,972
1875,973
1876,974
1877,975
1878,976
1879,977
188,978
1880,979
1881,980
1882,981
1883,982
1884,983
1885,984
1886,985
1887,986
1888,987
1889,988
189,989
1890,990
1891,991
1892,992
1893,993
1894,994
1895,995
1896,996
1897,997
1898,998
1899,999
19,1000
190,1001
1900,1002
1901,1003
1902,1004
1903,1005
1904,1006
1905,1007
1906,1008
1907,1009
1908,1010
1909,1011
191,1012
1910,1013
1911,1014
1912,1015
1913,1016
1914,1017
1915,1018
1916,1019
1917,1020
1918,1021
1919,1022
192,1023
1920,1024
1921,1025
1922,1026
1923,1027
1924,1028
1925,1029
1926,1030
1927,1031
1928,1032
1929,1033
193,1034
1930,1035
1931,1036
1932,1037
1933,1038
1934,1039
1935,1040
1936,1041
1937,1042
1938,1043
1939,1044
194,1045
1940,1046
1941,1047
1942,1048
1943,1049
1944,1050
1945,1051
1946,1052
1947,1053
1948,1054
1949,1055
195,1056
1950,1057
1951,1058
1952,1059
1953,1060
1954,1061
1955,1062
1956,1063
1957,1064
1958,1065
1959,1066
196,1067
1960,1068
1961,1069
1962,1070
1963,1071
1964,1072
1965,1073
1966,1074
1967,1075
1968,1076
1969,1077
197,1078
1970,1079
1971,1080
1972,1081
1973,1082
1974,1083
1975,1084
1976,1085
1977,1086
1978,1087
1979,1088
198,1089
1980,1090
1981,1091
1982,1092
1983,1093
1984,1094
1985,1095
1986,1096
1987,1097
1988,1098
1989,1099
199,1100
1990,1101
1991,1102
1992,1103
1993,1104
1994,1105
1995,1106
1996,1107
1997,1108
1998,1109
1999,1110
2,1111
20,1112
200,1113
2000,1114
2001,1115
2002,1116
2003,1117
2004,1118
2005,1119
2006,1120
2007,1121
2008,1122
2009,1123
201,1124
2010,1125
2011,1126
2012,1127
2013,1128
2014,1129
2015,1130
2016,1131
2017,1132
2018,1133
2019,1134
202,1135
2020,1136
2021,1137
2022,1138
2023,1139
2024,1140
2025,1141
2026,1142
2027,1143
2028,1144
2029,1145
203,1146
2030,1147
2031,1148
2032,1149
2033,1150
2034,1151
2035,1152
2036,1153
2037,1154
2038,1155
2039,1156
204,1157
2040,1158
2041,1159
2042,1160
2043,1161
2044,1162
2045,1163
2046,1164
2047,1165
2048,1166
2049,1167
205,1168
2050,1169
2051,1170
2052,1171
2053,1172
2054,1173
2055,1174
2056,1175
2057,1176
2058,1177
2059,1178
206,1179
2060,1180
2061,1181
2062,1182
2063,1183
2064,1184
2065,1185
2066,1186
2067,1187
2068,1188
2069,1189
207,1190
2070,1191
2071,1192
2072,1193
2073,1194
2074,1195
2075,1196
2076,1197
2077,1198
2078,1199
2079,1200
208,1201
2080,1202
2081,1203
2082,1204
2083,1205
2084,1206
2085,1207
2086,1208
2087,1209
2088,1210
2089,1211
209,1212
2090,1213
2091,1214
2092,1215
2093,1216
2094,1217
2095,1218
2096,1219
2097,1220
2098,1221
2099,1222
21,1223
210,1224
2100,1225
2101,1226
2102,1227
2103,1228
2104,1229
2105,1230
2106,1231
2107,1232
2108,1233
2109,1234
211,1235
2110,1236
2111,1237
2112,1238
2113,1239
2114,1240
2115,1241
2116,1242
2117,1243
2118,1244
2119,1245
212,1246
2120,1247
2121,1248
2122,1249
2123,1250
2124,1251
2125,1252
2126,1253
2127,1254
2128,1255
2129,1256
213,1257
2130,1258
2131,1259
2132,1260
2133,1261
2134,1262
2135,1263
2136,1264
2137,1265
2138,1266
2139,1267
214,1268
2140,1269
2141,1270
2142,1271
2143,1272
2144,1273
2145,1274
2146,1275
2147,1276
2148,1277
2149,1278
215,1279
2150,1280
2151,1281
2152,1282
2153,1283
2154,1284
2155,1285
2156,1286
2157,1287
2158,1288
2159,1289
216,1290
2160,1291
2161,1292
2162,1293
2163,1294
2164,1295
2165,1296
2166,1297
2167,1298
2168,1299
2169,1300
217,1301
2170,1302
2171,1303
2172,1304
2173,1305
2174,1306
2175,1307
2176,1308
2177,1309
2178,1310
2179,1311
218,1312
2180,1313
2181,1314
2182,1315
2183,1316
2184,1317
2185,1318
2186,1319
2187,1320
2188,1321
2189,1322
219,1323
2190,1324
2191,1325
2192,1326
2193,1327
2194,1328
2195,1329
2196,1330
2197,1331
2198,1332
2199,1333
22,1334
220,1335
2200,1336
2201,1337
2202,1338
2203,1339
2204,1340
2205,1341
2206,1342
2207,1343
2208,1344
2209,1345
221,1346
2210,1347
2211,1348
2212,1349
2213,1350
2214,1351
2215,1352
2216,1353
2217,1354
2218,1355
2219,1356
222,1357
2220,1358
2221,1359
2222,1360
2223,1361
2224,1362
2225,1363
2226,1364
2227,1365
2228,1366
2229,1367
223,1368
2230,1369
2231,1370
2232,1371
2233,1372
2234,1373
2235,1374
2236,1375
2237,1376
2238,1377
2239,1378
224,1379
2240,1380
2241,1381
2242,1382
2243,1383
2244,1384
2245,1385
2246,1386
2247,1387
2248,1388
2249,1389
225,1390
2250,1391
2251,1392
2252,1393
2253,1394
2254,1395
2255,1396
2256,1397
2257,1398
2258,1399
2259,1400
226,1401
2260,1402
2261,1403
2262,1404
2263,1405
2264,1406
2265,1407
2266,1408
2267,1409
2268,1410
2269,1411
227,1412
2270,1413
2271,1414
2272,1415
2273,1416
2274,1417
2275,1418
2276,1419
2277,1420
2278,1421
2279,1422
228,1423
2280,1424
2281,1425
2282,1426
2283,1427
2284,1428
2285,1429
2286,1430
2287,1431
2288,1432
2289,1433
229,1434
2290,1435
2291,1436
2292,1437
2293,1438
2294,1439
2295,1440
2296,1441
2297,1442
2298,1443
2299,1444
23,1445
230,1446
2300,1447
2301,1448
2302,1449
2303,1450
2304,1451
2305,1452
2306,1453
2307,1454
2308,1455
2309,1456
231,1457
2310,1458
2311,1459
2312,1460
2313,1461
2314,1462
2315,1463
2316,1464
2317,1465
2318,1466
2319,1467
232,1468
2320,1469
2321,1470
2322,1471
2323,1472
2324,1473
2325,1474
2326,1475
2327,1476
2328,1477
2329,1478
233,1479
2330,1480
2331,1481
2332,1482
2333,1483
2334,1484
2335,1485
2336,1486
2337,1487
2338,1488
2339,1489
234,1490
2340,1491
2341,1492
2342,1493
2343,1494
2344,1495
2345,1496
2346,1497
2347,1498
2348,1499
2349,1500
235,1501
2350,1502
2351,1503
2352,1504
2353,1505
2354,1506
2355,1507
2356,1508
2357,1509
2358,1510
2359,1511
236,1512
2360,1513
2361,1514
2362,1515
2363,1516
2364,1517
2365,1518
2366,1519
2367,1520
2368,1521
2369,1522
237,1523
2370,1524
2371,1525
2372,1526
2373,1527
2374,1528
2375,1529
2376,1530
2377,1531
2378,1532
2379,1533
238,1534
2380,1535
2381,1536
2382,1537
2383,1538
2384,1539
2385,1540
2386,1541
2387,1542
2388,1543
2389,1544
239,1545
2390,1546
2391,1547
2392,1548
2393,1549
2394,1550
2395,1551
2396,1552
2397,1553
2398,1554
2399,1555
24,1556
240,1557
2400,1558
2401,1559
2402,1560
2403,1561
2404,1562
2405,1563
2406,1564
2407,1565
2408,1566
2409,1567
241,1568
2410,1569
2411,1570
2412,1571
2413,1572
2414,1573
2415,1574
2416,1575
2417,1576
2418,1577
2419,1578
242,1579
2420,1580
2421,1581
2422,1582
2423,1583
2424,1584
2425,1585
2426,1586
2427,1587
2428,1588
2429,1589
243,1590
2430,1591
2431,1592
2432,1593
2433,1594
2434,1595
2435,1596
2436,1597
2437,1598
2438,1599
2439,1600
244,1601
2440,1602
2441,1603
2442,1604
2443,1605
2444,1606
2445,1607
2446,1608
2447,1609
2448,1610
2449,1611
245,1612
2450,1613
2451,1614
2452,1615
2453,1616
2454,1617
2455,1618
2456,1619
2457,1620
2458,1621
2459,1622
246,1623
2460,1624
2461,1625
2462,1626
2463,1627
2464,1628
2465,1629
2466,1630
2467,1631
2468,1632
2469,1633
247,1634
2470,1635
2471,1636
2472,1637
2473,1638
2474,1639
2475,1640
2476,1641
2477,1642
2478,1643
2479,1644
248,1645
2480,1646
2481,1647
2482,1648
2483,1649
2484,1650
2485,1651
2486,1652
2487,1653
2488,1654
2489,1655
249,1656
2490,1657
2491,1658
2492,1659
2493,1660
2494,1661
2495,1662
2496,1663
2497,1664
2498,1665
2499,1666
25,1667
250,1668
2500,1669
2501,1670
2502,1671
2503,1672
2504,1673
2505,1674
2506,1675
2507,1676
2508,1677
2509,1678
251,1679
2510,1680
2511,1681
2512,1682
2513,1683
2514,1684
2515,1685
2516,1686
2517,1687
2518,1688
2519,1689
252,1690
2520,1691
2521,1692
2522,1693
2523,1694
2524,1695
2525,1696
2526,1697
2527,1698
2528,1699
2529,1700
253,1701
2530,1702
2531,1703
2532,1704
2533,1705
2534,1706
2535,1707
2536,1708
2537,1709
2538,1710
2539,1711
254,1712
2540,1713
2541,1714
2542,1715
2543,1716
2544,1717
2545,1718
2546,1719
2547,1720
2548,1721
2549,1722
255,1723
2550,1724
2551,1725
2552,1726
2553,1727
2554,1728
2555,1729
2556,1730
2557,1731
2558,1732
2559,1733
256,1734
2560,1735
2561,1736
2562,1737
2563,1738
2564,1739
2565,1740
2566,1741
2567,1742
2568,1743
2569,1744
257,1745
2570,1746
2571,1747
2572,1748
2573,1749
2574,1750
2575,1751
2576,1752
2577,1753
2578,1754
2579,1755
258,1756
2580,1757
2581,1758
2582,1759
2583,1760
2584,1761
2585,1762
2586,1763
2587,1764
2588,1765
2589,1766
259,1767
2590,1768
2591,1769
2592,1770
2593,1771
2594,1772
2595,1773
2596,1774
2597,1775
2598,1776
2599,1777
26,1778
260,1779
2600,1780
2601,1781
2602,1782
2603,1783
2604,1784
2605,1785
2606,1786
2607,1787
2608,1788
2609,1789
261,1790
2610,1791
2611,1792
2612,1793
2613,1794
2614,1795
2615,1796
2616,1797
2617,1798
2618,1799
2619,1800
262,1801
2620,1802
2621,1803
2622,1804
2623,1805
2624,1806
2625,1807
2626,1808
2627,1809
2628,1810
2629,1811
263,1812
2630,1813
2631,1814
2632,1815
2633,1816
2634,1817
2635,1818
2636,1819
2637,1820
2638,1821
2639,1822
264,1823
2640,1824
2641,1825
2642,1826
2643,1827
2644,1828
2645,1829
2646,1830
2647,1831
2648,1832
2649,1833
265,1834
2650,1835
2651,1836
2652,1837
2653,1838
2654,1839
2655,1840
2656,1841
2657,1842
2658,1843
2659,1844
266,1845
2660,1846
2661,1847
2662,1848
2663,1849
2664,1850
2665,1851
2666,1852
2667,1853
2668,1854
2669,1855
267,1856
2670,1857
2671,1858
2672,1859
2673,1860
2674,1861
2675,1862
2676,1863
2677,1864
2678,1865
2679,1866
268,1867
2680,1868
2681,1869
2682,1870
2683,1871
2684,1872
2685,1873
2686,1874
2687,1875
2688,1876
2689,1877
269,1878
2690,1879
2691,1880
2692,1881
2693,1882
2694,1883
2695,1884
2696,1885
2697,1886
2698,1887
2699,1888
27,1889
270,1890
2700,1891
2701,1892
2702,1893
2703,1894
2704,1895
2705,1896
2706,1897
2707,1898
2708,1899
2709,1900
271,1901
2710,1902
2711,1903
2712,1904
2713,1905
2714,1906
2715,1907
2716,1908
2717,1909
2718,1910
2719,1911
272,1912
2720,1913
2721,1914
2722,1915
2723,1916
2724,1917
2725,1918
2726,1919
2727,1920
2728,1921
2729,1922
273,1923
2730,1924
2731,1925
2732,1926
2733,1927
2734,1928
2735,1929
2736,1930
2737,1931
2738,1932
2739,1933
274,1934
2740,1935
2741,1936
2742,1937
2743,1938
2744,1939
2745,1940
2746,1941
2747,1942
2748,1943
2749,1944
275,1945
2750,1946
2751,1947
2752,1948
2753,1949
2754,1950
2755,1951
2756,1952
2757,1953
2758,1954
2759,1955
276,1956
2760,1957
2761,1958
2762,1959
2763,1960
2764,1961
2765,1962
2766,1963
2767,1964
2768,1965
2769,1966
277,1967
2770,1968
2771,1969
2772,1970
2773,1971
2774,1972
2775,1973
2776,1974
2777,1975
2778,1976
2779,1977
278,1978
2780,1979
2781,1980
2782,1981
2783,1982
2784,1983
2785,1984
2786,1985
2787,1986
2788,1987
2789,1988
279,1989
2790,1990
2791,1991
2792,1992
2793,1993
2794,1994
2795,1995
2796,1996
2797,1997
2798,1998
2799,1999
28,2000
280,2001
2800,2002
2801,2003
2802,2004
2803,2005
2804,2006
2805,2007
2806,2008
2807,2009
2808,2010
2809,2011
281,2012
2810,2013
2811,2014
2812,2015
2813,2016
2814,2017
2815,2018
2816,2019
2817,2020
2818,2021
2819,2022
282,2023
2820,2024
2821,2025
2822,2026
2823,2027
2824,2028
2825,2029
2826,2030
2827,2031
2828,2032
2829,2033
283,2034
2830,2035
2831,2036
2832,2037
2833,2038
2834,2039
2835,2040
2836,2041
2837,2042
2838,2043
2839,2044
284,2045
2840,2046
2841,2047
2842,2048
2843,2049
2844,2050
2845,2051
2846,2052
2847,2053
2848,2054
2849,2055
285,2056
2850,2057
2851,2058
2852,2059
2853,2060
2854,2061
2855,2062
2856,2063
2857,2064
2858,2065
2859,2066
286,2067
2860,2068
2861,2069
2862,2070
2863,2071
2864,2072
2865,2073
2866,2074
2867,2075
2868,2076
2869,2077
287,2078
2870,2079
2871,2080
2872,2081
2873,2082
2874,2083
2875,2084
2876,2085
2877,2086
2878,2087
2879,2088
288,2089
2880,2090
2881,2091
2882,2092
2883,2093
2884,2094
2885,2095
2886,2096
2887,2097
2888,2098
2889,2099
289,2100
2890,2101
2891,2102
2892,2103
2893,2104
2894,2105
2895,2106
2896,2107
2897,2108
2898,2109
2899,2110
29,2111
290,2112
2900,2113
2901,2114
2902,2115
2903,2116
2904,2117
2905,2118
2906,2119
2907,2120
2908,2121
2909,2122
291,2123
2910,2124
2911,2125
2912,2126
2913,2127
2914,2128
2915,2129
2916,2130
2917,2131
2918,2132
2919,2133
292,2134
2920,2135
2921,2136
2922,2137
2923,2138
2924,2139
2925,2140
2926,2141
2927,2142
2928,2143
2929,2144
293,2145
2930,2146
2931,2147
2932,2148
2933,2149
2934,2150
2935,2151
2936,2152
2937,2153
2938,2154
2939,2155
294,2156
2940,2157
2941,2158
2942,2159
2943,2160
2944,2161
2945,2162
2946,2163
2947,2164
2948,2165
2949,2166
295,2167
2950,2168
2951,2169
2952,2170
2953,2171
2954,2172
2955,2173
2956,2174
2957,2175
2958,2176
2959,2177
296,2178
2960,2179
2961,2180
2962,2181
2963,2182
2964,2183
2965,2184
2966,2185
2967,2186
2968,2187
2969,2188
297,2189
2970,2190
2971,2191
2972,2192
2973,2193
2974,2194
2975,2195
2976,2196
2977,2197
2978,2198
2979,2199
298,2200
2980,2201
2981,2202
2982,2203
2983,2204
2984,2205
2985,2206
2986,2207
2987,2208
2988,2209
2989,2210
299,2211
2990,2212
2991,2213
2992,2214
2993,2215
2994,2216
2995,2217
2996,2218
2997,2219
2998,2220
2999,2221
3,2222
30,2223
300,2224
3000,2225
3001,2226
3002,2227
3003,2228
3004,2229
3005,2230
3006,2231
3007,2232
3008,2233
3009,2234
301,2235
3010,2236
3011,2237
3012,2238
3013,2239
3014,2240
3015,2241
3016,2242
3017,2243
3018,2244
3019,2245
302,2246
3020,2247
3021,2248
3022,2249
3023,2250
3024,2251
3025,2252
3026,2253
3027,2254
3028,2255
3029,2256
303,2257
3030,2258
3031,2259
3032,2260
3033,2261
3034,2262
3035,2263
3036,2264
3037,2265
3038,2266
3039,2267
304,2268
3040,2269
3041,2270
3042,2271
3043,2272
3044,2273
3045,2274
3046,2275
3047,2276
3048,2277
3049,2278
305,2279
3050,2280
3051,2281
3052,2282
3053,2283
3054,2284
3055,2285
3056,2286
3057,2287
3058,2288
3059,2289
306,2290
3060,2291
3061,2292
3062,2293
3063,2294
3064,2295
3065,2296
3066,2297
3067,2298
3068,2299
3069,2300
307,2301
3070,2302
3071,2303
3072,2304
3073,2305
3074,2306
3075,2307
3076,2308
3077,2309
3078,2310
3079,2311
308,2312
3080,2313
3081,2314
3082,2315
3083,2316
3084,2317
3085,2318
3086,2319
3087,2320
3088,2321
3089,2322
309,2323
3090,2324
3091,2325
3092,2326
3093,2327
3094,2328
3095,2329
3096,2330
3097,2331
3098,2332
3099,2333
31,2334
310,2335
3100,2336
3101,2337
3102,2338
3103,2339
3104,2340
3105,2341
3106,2342
3107,2343
3108,2344
3109,2345
311,2346
3110,2347
3111,2348
3112,2349
3113,2350
3114,2351
3115,2352
3116,2353
3117,2354
3118,2355
3119,2356
312,2357
3120,2358
3121,2359
3122,2360
3123,2361
3124,2362
3125,2363
3126,2364
3127,2365
3128,2366
3129,2367
313,2368
3130,2369
3131,2370
3132,2371
3133,2372
3134,2373
3135,2374
3136,2375
3137,2376
3138,2377
3139,2378
314,2379
3140,2380
3141,2381
3142,2382
3143,2383
3144,2384
3145,2385
3146,2386
3147,2387
3148,2388
3149,2389
315,2390
3150,2391
3151,2392
3152,2393
3153,2394
3154,2395
3155,2396
3156,2397
3157,2398
3158,2399
3159,2400
316,2401
3160,2402
3161,2403
3162,2404
3163,2405
3164,2406
3165,2407
3166,2408
3167,2409
3168,2410
3169,2411
317,2412
3170,2413
3171,2414
3172,2415
3173,2416
3174,2417
3175,2418
3176,2419
3177,2420
3178,2421
3179,2422
318,2423
3180,2424
3181,2425
3182,2426
3183,2427
3184,2428
3185,2429
3186,2430
3187,2431
3188,2432
3189,2433
319,2434
3190,2435
3191,2436
3192,2437
3193,2438
3194,2439
3195,2440
3196,2441
3197,2442
3198,2443
3199,2444
32,2445
320,2446
3200,2447
3201,2448
3202,2449
3203,2450
3204,2451
3205,2452
3206,2453
3207,2454
3208,2455
3209,2456
321,2457
3210,2458
3211,2459
3212,2460
3213,2461
3214,2462
3215,2463
3216,2464
3217,2465
3218,2466
3219,2467
322,2468
3220,2469
3221,2470
3222,2471
3223,2472
3224,2473
3225,2474
3226,2475
3227,2476
3228,2477
3229,2478
323,2479
3230,2480
3231,2481
3232,2482
3233,2483
3234,2484
3235,2485
3236,2486
3237,2487
3238,2488
3239,2489
324,2490
3240,2491
3241,2492
3242,2493
3243,2494
3244,2495
3245,2496
3246,2497
3247,2498
3248,2499
3249,2500
325,2501
3250,2502
3251,2503
3252,2504
3253,2505
3254,2506
3255,2507
3256,2508
3257,2509
3258,2510
3259,2511
326,2512
3260,2513
3261,2514
3262,2515
3263,2516
3264,2517
3265,2518
3266,2519
3267,2520
3268,2521
3269,2522
327,2523
3270,2524
3271,2525
3272,2526
3273,2527
3274,2528
3275,2529
3276,2530
3277,2531
3278,2532
3279,2533
328,2534
3280,2535
3281,2536
3282,2537
3283,2538
3284,2539
3285,2540
3286,2541
3287,2542
3288,2543
3289,2544
329,2545
3290,2546
3291,2547
3292,2548
3293,2549
3294,2550
3295,2551
3296,2552
3297,2553
3298,2554
3299,2555
33,2556
330,2557
3300,2558
3301,2559
3302,2560
3303,2561
3304,2562
3305,2563
3306,2564
3307,2565
3308,2566
3309,2567
331,2568
3310,2569
3311,2570
3312,2571
3313,2572
3314,2573
3315,2574
3316,2575
3317,2576
3318,2577
3319,2578
332,2579
3320,2580
3321,2581
3322,2582
3323,2583
3324,2584
3325,2585
3326,2586
3327,2587
3328,2588
3329,2589
333,2590
3330,2591
3331,2592
3332,2593
3333,2594
3334,2595
3335,2596
3336,2597
3337,2598
3338,2599
3339,2600
334,2601
3340,2602
3341,2603
3342,2604
3343,2605
3344,2606
3345,2607
3346,2608
3347,2609
3348,2610
3349,2611
335,2612
3350,2613
3351,2614
3352,2615
3353,2616
3354,2617
3355,2618
3356,2619
3357,2620
3358,2621
3359,2622
336,2623
3360,2624
3361,2625
3362,2626
3363,2627
3364,2628
3365,2629
3366,2630
3367,2631
3368,2632
3369,2633
337,2634
3370,2635
3371,2636
3372,2637
3373,2638
3374,2639
3375,2640
3376,2641
3377,2642
3378,2643
3379,2644
338,2645
3380,2646
3381,2647
3382,2648
3383,2649
3384,2650
3385,2651
3386,2652
3387,2653
3388,2654
3389,2655
339,2656
3390,2657
3391,2658
3392,2659
3393,2660
3394,2661
3395,2662
3396,2663
3397,2664
3398,2665
3399,2666
34,2667
340,2668
3400,2669
3401,2670
3402,2671
3403,2672
3404,2673
3405,2674
3406,2675
3407,2676
3408,2677
3409,2678
341,2679
3410,2680
3411,2681
3412,2682
3413,2683
3414,2684
3415,2685
3416,2686
3417,2687
3418,2688
3419,2689
342,2690
3420,2691
3421,2692
3422,2693
3423,2694
3424,2695
3425,2696
3426,2697
3427,2698
3428,2699
3429,2700
343,2701
3430,2702
3431,2703
3432,2704
3433,2705
3434,2706
3435,2707
3436,2708
3437,2709
3438,2710
3439,2711
344,2712
3440,2713
3441,2714
3442,2715
3443,2716
3444,2717
3445,2718
3446,2719
3447,2720
3448,2721
3449,2722
345,2723
3450,2724
3451,2725
3452,2726
3453,2727
3454,2728
3455,2729
3456,2730
3457,2731
3458,2732
3459,2733
346,2734
3460,2735
3461,2736
3462,2737
3463,2738
3464,2739
3465,2740
3466,2741
3467,2742
3468,2743
3469,2744
347,2745
3470,2746
3471,2747
3472,2748
3473,2749
3474,2750
3475,2751
3476,2752
3477,2753
3478,2754
3479,2755
348,2756
3480,2757
3481,2758
3482,2759
3483,2760
3484,2761
3485,2762
3486,2763
3487,2764
3488,2765
3489,2766
349,2767
3490,2768
3491,2769
3492,2770
3493,2771
3494,2772
3495,2773
3496,2774
3497,2775
3498,2776
3499,2777
35,2778
350,2779
3500,2780
3501,2781
3502,2782
3503,2783
3504,2784
3505,2785
3506,2786
3507,2787
3508,2788
3509,2789
351,2790
3510,2791
3511,2792
3512,2793
3513,2794
3514,2795
3515,2796
3516,2797
3517,2798
3518,2799
3519,2800
352,2801
3520,2802
3521,2803
3522,2804
3523,2805
3524,2806
3525,2807
3526,2808
3527,2809
3528,2810
3529,2811
353,2812
3530,2813
3531,2814
3532,2815
3533,2816
3534,2817
3535,2818
3536,2819
3537,2820
3538,2821
3539,2822
354,2823
3540,2824
3541,2825
3542,2826
3543,2827
3544,2828
3545,2829
3546,2830
3547,2831
3548,2832
3549,2833
355,2834
3550,2835
3551,2836
3552,2837
3553,2838
3554,2839
3555,2840
3556,2841
3557,2842
3558,2843
3559,2844
356,2845
3560,2846
3561,2847
3562,2848
3563,2849
3564,2850
3565,2851
3566,2852
3567,2853
3568,2854
3569,2855
357,2856
3570,2857
3571,2858
3572,2859
3573,2860
3574,2861
3575,2862
3576,2863
3577,2864
3578,2865
3579,2866
358,2867
3580,2868
3581,2869
3582,2870
3583,2871
3584,2872
3585,2873
3586,2874
3587,2875
3588,2876
3589,2877
359,2878
3590,2879
3591,2880
3592,2881
3593,2882
3594,2883
3595,2884
3596,2885
3597,2886
3598,2887
3599,2888
36,2889
360,2890
3600,2891
3601,2892
3602,2893
3603,2894
3604,2895
3605,2896
3606,2897
3607,2898
3608,2899
3609,2900
361,2901
3610,2902
3611,2903
3612,2904
3613,2905
3614,2906
3615,2907
3616,2908
3617,2909
3618,2910
3619,2911
362,2912
3620,2913
3621,2914
3622,2915
3623,2916
3624,2917
3625,2918
3626,2919
3627,2920
3628,2921
3629,2922
363,2923
3630,2924
3631,2925
3632,2926
3633,2927
3634,2928
3635,2929
3636,2930
3637,2931
3638,2932
3639,2933
364,2934
3640,2935
3641,2936
3642,2937
3643,2938
3644,2939
3645,2940
3646,2941
3647,2942
3648,2943
3649,2944
365,2945
3650,2946
3651,2947
3652,2948
3653,2949
3654,2950
3655,2951
3656,2952
3657,2953
3658,2954
3659,2955
366,2956
3660,2957
3661,2958
3662,2959
3663,2960
3664,2961
3665,2962
3666,2963
3667,2964
3668,2965
3669,2966
367,2967
3670,2968
3671,2969
3672,2970
3673,2971
3674,2972
3675,2973
3676,2974
3677,2975
3678,2976
3679,2977
368,2978
3680,2979
3681,2980
3682,2981
3683,2982
3684,2983
3685,2984
3686,2985
3687,2986
3688,2987
3689,2988
369,2989
3690,2990
3691,2991
3692,2992
3693,2993
3694,2994
3695,2995
3696,2996
3697,2997
3698,2998
3699,2999
37,3000
370,3001
3700,3002
3701,3003
3702,3004
3703,3005
3704,3006
3705,3007
3706,3008
3707,3009
3708,3010
3709,3011
371,3012
3710,3013
3711,3014
3712,3015
3713,3016
3714,3017
3715,3018
3716,3019
3717,3020
3718,3021
3719,3022
372,3023
3720,3024
3721,3025
3722,3026
3723,3027
3724,3028
3725,3029
3726,3030
3727,3031
3728,3032
3729,3033
373,3034
3730,3035
3731,3036
3732,3037
3733,3038
3734,3039
3735,3040
3736,3041
3737,3042
3738,3043
3739,3044
374,3045
3740,3046
3741,3047
3742,3048
3743,3049
3744,3050
3745,3051
3746,3052
3747,3053
3748,3054
3749,3055
375,3056
3750,3057
3751,3058
3752,3059
3753,3060
3754,3061
3755,3062
3756,3063
3757,3064
3758,3065
3759,3066
376,3067
3760,3068
3761,3069
3762,3070
3763,3071
3764,3072
3765,3073
3766,3074
3767,3075
3768,3076
3769,3077
377,3078
3770,3079
3771,3080
3772,3081
3773,3082
3774,3083
3775,3084
3776,3085
3777,3086
3778,3087
3779,3088
378,3089
3780,3090
3781,3091
3782,3092
3783,3093
3784,3094
3785,3095
3786,3096
3787,3097
3788,3098
3789,3099
379,3100
3790,3101
3791,3102
3792,3103
3793,3104
3794,3105
3795,3106
3796,3107
3797,3108
3798,3109
3799,3110
38,3111
380,3112
3800,3113
3801,3114
3802,3115
3803,3116
3804,3117
3805,3118
3806,3119
3807,3120
3808,3121
3809,3122
381,3123
3810,3124
3811,3125
3812,3126
3813,3127
3814,3128
3815,3129
3816,3130
3817,3131
3818,3132
3819,3133
382,3134
3820,3135
3821,3136
3822,3137
3823,3138
3824,3139
3825,3140
3826,3141
3827,3142
3828,3143
3829,3144
383,3145
3830,3146
3831,3147
3832,3148
3833,3149
3834,3150
3835,3151
3836,3152
3837,3153
3838,3154
3839,3155
384,3156
3840,3157
3841,3158
3842,3159
3843,3160
3844,3161
3845,3162
3846,3163
3847,3164
3848,3165
3849,3166
385,3167
3850,3168
3851,3169
3852,3170
3853,3171
3854,3172
3855,3173
3856,3174
3857,3175
3858,3176
3859,3177
386,3178
3860,3179
3861,3180
3862,3181
3863,3182
3864,3183
3865,3184
3866,3185
3867,3186
3868,3187
3869,3188
387,3189
3870,3190
3871,3191
3872,3192
3873,3193
3874,3194
3875,3195
3876,3196
3877,3197
3878,3198
3879,3199
388,3200
3880,3201
3881,3202
3882,3203
3883,3204
3884,3205
3885,3206
3886,3207
3887,3208
3888,3209
3889,3210
389,3211
3890,3212
3891,3213
3892,3214
3893,3215
3894,3216
3895,3217
3896,3218
3897,3219
3898,3220
3899,3221
39,3222
390,3223
3900,3224
3901,3225
3902,3226
3903,3227
3904,3228
3905,3229
3906,3230
3907,3231
3908,3232
3909,3233
391,3234
3910,3235
3911,3236
3912,3237
3913,3238
3914,3239
3915,3240
3916,3241
3917,3242
3918,3243
3919,3244
392,3245
3920,3246
3921,3247
3922,3248
3923,3249
3924,3250
3925,3251
3926,3252
3927,3253
3928,3254
3929,3255
393,3256
3930,3257
3931,3258
3932,3259
3933,3260
3934,3261
3935,3262
3936,3263
3937,3264
3938,3265
3939,3266
394,3267
3940,3268
3941,3269
3942,3270
3943,3271
3944,3272
3945,3273
3946,3274
3947,3275
3948,3276
3949,3277
395,3278
3950,3279
3951,3280
3952,3281
3953,3282
3954,3283
3955,3284
3956,3285
3957,3286
3958,3287
3959,3288
396,3289
3960,3290
3961,3291
3962,3292
3963,3293
3964,3294
3965,3295
3966,3296
3967,3297
3968,3298
3969,3299
397,3300
3970,3301
3971,3302
3972,3303
3973,3304
3974,3305
3975,3306
3976,3307
3977,3308
3978,3309
3979,3310
398,3311
3980,3312
3981,3313
3982,3314
3983,3315
3984,3316
3985,3317
3986,3318
3987,3319
3988,3320
3989,3321
399,3322
3990,3323
3991,3324
3992,3325
3993,3326
3994,3327
3995,3328
3996,3329
3997,3330
3998,3331
3999,3332
4,3333
40,3334
400,3335
4000,3336
4001,3337
4002,3338
4003,3339
4004,3340
4005,3341
4006,3342
4007,3343
4008,3344
4009,3345
401,3346
4010,3347
4011,3348
4012,3349
4013,3350
4014,3351
4015,3352
4016,3353
4017,3354
4018,3355
4019,3356
402,3357
4020,3358
4021,3359
4022,3360
4023,3361
4024,3362
4025,3363
4026,3364
4027,3365
4028,3366
4029,3367
403,3368
4030,3369
4031,3370
4032,3371
4033,3372
4034,3373
4035,3374
4036,3375
4037,3376
4038,3377
4039,3378
404,3379
4040,3380
4041,3381
4042,3382
4043,3383
4044,3384
4045,3385
4046,3386
4047,3387
4048,3388
4049,3389
405,3390
4050,3391
4051,3392
4052,3393
4053,3394
4054,3395
4055,3396
4056,3397
4057,3398
4058,3399
4059,3400
406,3401
4060,3402
4061,3403
4062,3404
4063,3405
4064,3406
4065,3407
4066,3408
4067,3409
4068,3410
4069,3411
407,3412
4070,3413
4071,3414
4072,3415
4073,3416
4074,3417
4075,3418
4076,3419
4077,3420
4078,3421
4079,3422
408,3423
4080,3424
4081,3425
4082,3426
4083,3427
4084,3428
4085,3429
4086,3430
4087,3431
4088,3432
4089,3433
409,3434
4090,3435
4091,3436
4092,3437
4093,3438
4094,3439
4095,3440
4096,3441
4097,3442
4098,3443
4099,3444
41,3445
410,3446
4100,3447
4101,3448
4102,3449
4103,3450
4104,3451
4105,3452
4106,3453
4107,3454
4108,3455
4109,3456
411,3457
4110,3458
4111,3459
4112,3460
4113,3461
4114,3462
4115,3463
4116,3464
4117,3465
4118,3466
4119,3467
412,3468
4120,3469
4121,3470
4122,3471
4123,3472
4124,3473
4125,3474
4126,3475
4127,3476
4128,3477
4129,3478
413,3479
4130,3480
4131,3481
4132,3482
4133,3483
4134,3484
4135,3485
4136,3486
4137,3487
4138,3488
4139,3489
414,3490
4140,3491
4141,3492
4142,3493
4143,3494
4144,3495
4145,3496
4146,3497
4147,3498
4148,3499
4149,3500
415,3501
4150,3502
4151,3503
4152,3504
4153,3505
4154,3506
4155,3507
4156,3508
4157,3509
4158,3510
4159,3511
416,3512
4160,3513
4161,3514
4162,3515
4163,3516
4164,3517
4165,3518
4166,3519
4167,3520
4168,3521
4169,3522
417,3523
4170,3524
4171,3525
4172,3526
4173,3527
4174,3528
4175,3529
4176,3530
4177,3531
4178,3532
4179,3533
418,3534
4180,3535
4181,3536
4182,3537
4183,3538
4184,3539
4185,3540
4186,3541
4187,3542
4188,3543
4189,3544
419,3545
4190,3546
4191,3547
4192,3548
4193,3549
4194,3550
4195,3551
4196,3552
4197,3553
4198,3554
4199,3555
42,3556
420,3557
4200,3558
4201,3559
4202,3560
4203,3561
4204,3562
4205,3563
4206,3564
4207,3565
4208,3566
4209,3567
421,3568
4210,3569
4211,3570
4212,3571
4213,3572
4214,3573
4215,3574
4216,3575
4217,3576
4218,3577
4219,3578
422,3579
4220,3580
4221,3581
4222,3582
4223,3583
4224,3584
4225,3585
4226,3586
4227,3587
4228,3588
4229,3589
423,3590
4230,3591
4231,3592
4232,3593
4233,3594
4234,3595
4235,3596
4236,3597
4237,3598
4238,3599
4239,3600
424,3601
4240,3602
4241,3603
4242,3604
4243,3605
4244,3606
4245,3607
4246,3608
4247,3609
4248,3610
4249,3611
425,3612
4250,3613
4251,3614
4252,3615
4253,3616
4254,3617
4255,3618
4256,3619
4257,3620
4258,3621
4259,3622
426,3623
4260,3624
4261,3625
4262,3626
4263,3627
4264,3628
4265,3629
4266,3630
4267,3631
4268,3632
4269,3633
427,3634
4270,3635
4271,3636
4272,3637
4273,3638
4274,3639
4275,3640
4276,3641
4277,3642
4278,3643
4279,3644
428,3645
4280,3646
4281,3647
4282,3648
4283,3649
4284,3650
4285,3651
4286,3652
4287,3653
4288,3654
4289,3655
429,3656
4290,3657
4291,3658
4292,3659
4293,3660
4294,3661
4295,3662
4296,3663
4297,3664
4298,3665
4299,3666
43,3667
430,3668
4300,3669
4301,3670
4302,3671
4303,3672
4304,3673
4305,3674
4306,3675
4307,3676
4308,3677
4309,3678
431,3679
4310,3680
4311,3681
4312,3682
4313,3683
4314,3684
4315,3685
4316,3686
4317,3687
4318,3688
4319,3689
432,3690
4320,3691
4321,3692
4322,3693
4323,3694
4324,3695
4325,3696
4326,3697
4327,3698
4328,3699
4329,3700
433,3701
4330,3702
4331,3703
4332,3704
4333,3705
4334,3706
4335,3707
4336,3708
4337,3709
4338,3710
4339,3711
434,3712
4340,3713
4341,3714
4342,3715
4343,3716
4344,3717
4345,3718
4346,3719
4347,3720
4348,3721
4349,3722
435,3723
4350,3724
4351,3725
4352,3726
4353,3727
4354,3728
4355,3729
4356,3730
4357,3731
4358,3732
4359,3733
436,3734
4360,3735
4361,3736
4362,3737
4363,3738
4364,3739
4365,3740
4366,3741
4367,3742
4368,3743
4369,3744
437,3745
4370,3746
4371,3747
4372,3748
4373,3749
4374,3750
4375,3751
4376,3752
4377,3753
4378,3754
4379,3755
438,3756
4380,3757
4381,3758
4382,3759
4383,3760
4384,3761
4385,3762
4386,3763
4387,3764
4388,3765
4389,3766
439,3767
4390,3768
4391,3769
4392,3770
4393,3771
4394,3772
4395,3773
4396,3774
4397,3775
4398,3776
4399,3777
44,3778
440,3779
4400,3780
4401,3781
4402,3782
4403,3783
4404,3784
4405,3785
4406,3786
4407,3787
4408,3788
4409,3789
441,3790
4410,3791
4411,3792
4412,3793
4413,3794
4414,3795
4415,3796
4416,3797
4417,3798
4418,3799
4419,3800
442,3801
4420,3802
4421,3803
4422,3804
4423,3805
4424,3806
4425,3807
4426,3808
4427,3809
4428,3810
4429,3811
443,3812
4430,3813
4431,3814
4432,3815
4433,3816
4434,3817
4435,3818
4436,3819
4437,3820
4438,3821
4439,3822
444,3823
4440,3824
4441,3825
4442,3826
4443,3827
4444,3828
4445,3829
4446,3830
4447,3831
4448,3832
4449,3833
445,3834
4450,3835
4451,3836
4452,3837
4453,3838
4454,3839
4455,3840
4456,3841
4457,3842
4458,3843
4459,3844
446,3845
4460,3846
4461,3847
4462,3848
4463,3849
4464,3850
4465,3851
4466,3852
4467,3853
4468,3854
4469,3855
447,3856
4470,3857
4471,3858
4472,3859
4473,3860
4474,3861
4475,3862
4476,3863
4477,3864
4478,3865
4479,3866
448,3867
4480,3868
4481,3869
4482,3870
4483,3871
4484,3872
4485,3873
4486,3874
4487,3875
4488,3876
4489,3877
449,3878
4490,3879
4491,3880
4492,3881
4493,3882
4494,3883
4495,3884
4496,3885
4497,3886
4498,3887
4499,3888
45,3889
450,3890
4500,3891
4501,3892
4502,3893
4503,3894
4504,3895
4505,3896
4506,3897
4507,3898
4508,3899
4509,3900
451,3901
4510,3902
4511,3903
4512,3904
4513,3905
4514,3906
4515,3907
4516,3908
4517,3909
4518,3910
4519,3911
452,3912
4520,3913
4521,3914
4522,3915
4523,3916
4524,3917
4525,3918
4526,3919
4527,3920
4528,3921
4529,3922
453,3923
4530,3924
4531,3925
4532,3926
4533,3927
4534,3928
4535,3929
4536,3930
4537,3931
4538,3932
4539,3933
454,3934
4540,3935
4541,3936
4542,3937
4543,3938
4544,3939
4545,3940
4546,3941
4547,3942
4548,3943
4549,3944
455,3945
4550,3946
4551,3947
4552,3948
4553,3949
4554,3950
4555,3951
4556,3952
4557,3953
4558,3954
4559,3955
456,3956
4560,3957
4561,3958
4562,3959
4563,3960
4564,3961
4565,3962
4566,3963
4567,3964
4568,3965
4569,3966
457,3967
4570,3968
4571,3969
4572,3970
4573,3971
4574,3972
4575,3973
4576,3974
4577,3975
4578,3976
4579,3977
458,3978
4580,3979
4581,3980
4582,3981
4583,3982
4584,3983
4585,3984
4586,3985
4587,3986
4588,3987
4589,3988
459,3989
4590,3990
4591,3991
4592,3992
4593,3993
4594,3994
4595,3995
4596,3996
4597,3997
4598,3998
4599,3999
46,4000
460,4001
4600,4002
4601,4003
4602,4004
4603,4005
4604,4006
4605,4007
4606,4008
4607,4009
4608,4010
4609,4011
461,4012
4610,4013
4611,4014
4612,4015
4613,4016
4614,4017
4615,4018
4616,4019
4617,4020
4618,4021
4619,4022
462,4023
4620,4024
4621,4025
4622,4026
4623,4027
4624,4028
4625,4029
4626,4030
4627,4031
4628,4032
4629,4033
463,4034
4630,4035
4631,4036
4632,4037
4633,4038
4634,4039
4635,4040
4636,4041
4637,4042
4638,4043
4639,4044
464,4045
4640,4046
4641,4047
4642,4048
4643,4049
4644,4050
4645,4051
4646,4052
4647,4053
4648,4054
4649,4055
465,4056
4650,4057
4651,4058
4652,4059
4653,4060
4654,4061
4655,4062
4656,4063
4657,4064
4658,4065
4659,4066
466,4067
4660,4068
4661,4069
4662,4070
4663,4071
4664,4072
4665,4073
4666,4074
4667,4075
4668,4076
4669,4077
467,4078
4670,4079
4671,4080
4672,4081
4673,4082
4674,4083
4675,4084
4676,4085
4677,4086
4678,4087
4679,4088
468,4089
4680,4090
4681,4091
4682,4092
4683,4093
4684,4094
4685,4095
4686,4096
4687,4097
4688,4098
4689,4099
469,4100
4690,4101
4691,4102
4692,4103
4693,4104
4694,4105
4695,4106
4696,4107
4697,4108
4698,4109
4699,4110
47,4111
470,4112
4700,4113
4701,4114
4702,4115
4703,4116
4704,4117
4705,4118
4706,4119
4707,4120
4708,4121
4709,4122
471,4123
4710,4124
4711,4125
4712,4126
4713,4127
4714,4128
4715,4129
4716,4130
4717,4131
4718,4132
4719,4133
472,4134
4720,4135
4721,4136
4722,4137
4723,4138
4724,4139
4725,4140
4726,4141
4727,4142
4728,4143
4729,4144
473,4145
4730,4146
4731,4147
4732,4148
4733,4149
4734,4150
4735,4151
4736,4152
4737,4153
4738,4154
4739,4155
474,4156
4740,4157
4741,4158
4742,4159
4743,4160
4744,4161
4745,4162
4746,4163
4747,4164
4748,4165
4749,4166
475,4167
4750,4168
4751,4169
4752,4170
4753,4171
4754,4172
4755,4173
4756,4174
4757,4175
4758,4176
4759,4177
476,4178
4760,4179
4761,4180
4762,4181
4763,4182
4764,4183
4765,4184
4766,4185
4767,4186
4768,4187
4769,4188
477,4189
4770,4190
4771,4191
4772,4192
4773,4193
4774,4194
4775,4195
4776,4196
4777,4197
4778,4198
4779,4199
478,4200
4780,4201
4781,4202
4782,4203
4783,4204
4784,4205
4785,4206
4786,4207
4787,4208
4788,4209
4789,4210
479,4211
4790,4212
4791,4213
4792,4214
4793,4215
4794,4216
4795,4217
4796,4218
4797,4219
4798,4220
4799,4221
48,4222
480,4223
4800,4224
4801,4225
4802,4226
4803,4227
4804,4228
4805,4229
4806,4230
4807,4231
4808,4232
4809,4233
481,4234
4810,4235
4811,4236
4812,4237
4813,4238
4814,4239
4815,4240
4816,4241
4817,4242
4818,4243
4819,4244
482,4245
4820,4246
4821,4247
4822,4248
4823,4249
4824,4250
4825,4251
4826,4252
4827,4253
4828,4254
4829,4255
483,4256
4830,4257
4831,4258
4832,4259
4833,4260
4834,4261
4835,4262
4836,4263
4837,4264
4838,4265
4839,4266
484,4267
4840,4268
4841,4269
4842,4270
4843,4271
4844,4272
4845,4273
4846,4274
4847,4275
4848,4276
4849,4277
485,4278
4850,4279
4851,4280
4852,4281
4853,4282
4854,4283
4855,4284
4856,4285
4857,4286
4858,4287
4859,4288
486,4289
4860,4290
4861,4291
4862,4292
4863,4293
4864,4294
4865,4295
4866,4296
4867,4297
4868,4298
4869,4299
487,4300
4870,4301
4871,4302
4872,4303
4873,4304
4874,4305
4875,4306
4876,4307
4877,4308
4878,4309
4879,4310
488,4311
4880,4312
4881,4313
4882,4314
4883,4315
4884,4316
4885,4317
4886,4318
4887,4319
4888,4320
4889,4321
489,4322
4890,4323
4891,4324
4892,4325
4893,4326
4894,4327
4895,4328
4896,4329
4897,4330
4898,4331
4899,4332
49,4333
490,4334
4900,4335
4901,4336
4902,4337
4903,4338
4904,4339
4905,4340
4906,4341
4907,4342
4908,4343
4909,4344
491,4345
4910,4346
4911,4347
4912,4348
4913,4349
4914,4350
4915,4351
4916,4352
4917,4353
4918,4354
4919,4355
492,4356
4920,4357
4921,4358
4922,4359
4923,4360
4924,4361
4925,4362
4926,4363
4927,4364
4928,4365
4929,4366
493,4367
4930,4368
4931,4369
4932,4370
4933,4371
4934,4372
4935,4373
4936,4374
4937,4375
4938,4376
4939,4377
494,4378
4940,4379
4941,4380
4942,4381
4943,4382
4944,4383
4945,4384
4946,4385
4947,4386
4948,4387
4949,4388
495,4389
4950,4390
4951,4391
4952,4392
4953,4393
4954,4394
4955,4395
4956,4396
4957,4397
4958,4398
4959,4399
496,4400
4960,4401
4961,4402
4962,4403
4963,4404
4964,4405
4965,4406
4966,4407
4967,4408
4968,4409
4969,4410
497,4411
4970,4412
4971,4413
4972,4414
4973,4415
4974,4416
4975,4417
4976,4418
4977,4419
4978,4420
4979,4421
498,4422
4980,4423
4981,4424
4982,4425
4983,4426
4984,4427
4985,4428
4986,4429
4987,4430
4988,4431
4989,4432
499,4433
4990,4434
4991,4435
4992,4436
4993,4437
4994,4438
4995,4439
4996,4440
4997,4441
4998,4442
4999,4443
5,4444
50,4445
500,4446
5000,4447
5001,4448
5002,4449
5003,4450
5004,4451
5005,4452
5006,4453
5007,4454
5008,4455
5009,4456
501,4457
5010,4458
5011,4459
5012,4460
5013,4461
5014,4462
5015,4463
5016,4464
5017,4465
5018,4466
5019,4467
502,4468
5020,4469
5021,4470
5022,4471
5023,4472
5024,4473
5025,4474
5026,4475
5027,4476
5028,4477
5029,4478
503,4479
5030,4480
5031,4481
5032,4482
5033,4483
5034,4484
5035,4485
5036,4486
5037,4487
5038,4488
5039,4489
504,4490
5040,4491
5041,4492
5042,4493
5043,4494
5044,4495
5045,4496
5046,4497
5047,4498
5048,4499
5049,4500
505,4501
5050,4502
5051,4503
5052,4504
5053,4505
5054,4506
5055,4507
5056,4508
5057,4509
5058,4510
5059,4511
506,4512
5060,4513
5061,4514
5062,4515
5063,4516
5064,4517
5065,4518
5066,4519
5067,4520
5068,4521
5069,4522
507,4523
5070,4524
5071,4525
5072,4526
5073,4527
5074,4528
5075,4529
5076,4530
5077,4531
5078,4532
5079,4533
508,4534
5080,4535
5081,4536
5082,4537
5083,4538
5084,4539
5085,4540
5086,4541
5087,4542
5088,4543
5089,4544
509,4545
5090,4546
5091,4547
5092,4548
5093,4549
5094,4550
5095,4551
5096,4552
5097,4553
5098,4554
5099,4555
51,4556
510,4557
5100,4558
5101,4559
5102,4560
5103,4561
5104,4562
5105,4563
5106,4564
5107,4565
5108,4566
5109,4567
511,4568
5110,4569
5111,4570
5112,4571
5113,4572
5114,4573
5115,4574
5116,4575
5117,4576
5118,4577
5119,4578
512,4579
5120,4580
5121,4581
5122,4582
5123,4583
5124,4584
5125,4585
5126,4586
5127,4587
5128,4588
5129,4589
513,4590
5130,4591
5131,4592
5132,4593
5133,4594
5134,4595
5135,4596
5136,4597
5137,4598
5138,4599
5139,4600
514,4601
5140,4602
5141,4603
5142,4604
5143,4605
5144,4606
5145,4607
5146,4608
5147,4609
5148,4610
5149,4611
515,4612
5150,4613
5151,4614
5152,4615
5153,4616
5154,4617
5155,4618
5156,4619
5157,4620
5158,4621
5159,4622
516,4623
5160,4624
5161,4625
5162,4626
5163,4627
5164,4628
5165,4629
5166,4630
5167,4631
5168,4632
5169,4633
517,4634
5170,4635
5171,4636
5172,4637
5173,4638
5174,4639
5175,4640
5176,4641
5177,4642
5178,4643
5179,4644
518,4645
5180,4646
5181,4647
5182,4648
5183,4649
5184,4650
5185,4651
5186,4652
5187,4653
5188,4654
5189,4655
519,4656
5190,4657
5191,4658
5192,4659
5193,4660
5194,4661
5195,4662
5196,4663
5197,4664
5198,4665
5199,4666
52,4667
520,4668
5200,4669
5201,4670
5202,4671
5203,4672
5204,4673
5205,4674
5206,4675
5207,4676
5208,4677
5209,4678
521,4679
5210,4680
5211,4681
5212,4682
5213,4683
5214,4684
5215,4685
5216,4686
5217,4687
5218,4688
5219,4689
522,4690
5220,4691
5221,4692
5222,4693
5223,4694
5224,4695
5225,4696
5226,4697
5227,4698
5228,4699
5229,4700
523,4701
5230,4702
5231,4703
5232,4704
5233,4705
5234,4706
5235,4707
5236,4708
5237,4709
5238,4710
5239,4711
524,4712
5240,4713
5241,4714
5242,4715
5243,4716
5244,4717
5245,4718
5246,4719
5247,4720
5248,4721
5249,4722
525,4723
5250,4724
5251,4725
5252,4726
5253,4727
5254,4728
5255,4729
5256,4730
5257,4731
5258,4732
5259,4733
526,4734
5260,4735
5261,4736
5262,4737
5263,4738
5264,4739
5265,4740
5266,4741
5267,4742
5268,4743
5269,4744
527,4745
5270,4746
5271,4747
5272,4748
5273,4749
5274,4750
5275,4751
5276,4752
5277,4753
5278,4754
5279,4755
528,4756
5280,4757
5281,4758
5282,4759
5283,4760
5284,4761
5285,4762
5286,4763
5287,4764
5288,4765
5289,4766
529,4767
5290,4768
5291,4769
5292,4770
5293,4771
5294,4772
5295,4773
5296,4774
5297,4775
5298,4776
5299,4777
53,4778
530,4779
5300,4780
5301,4781
5302,4782
5303,4783
5304,4784
5305,4785
5306,4786
5307,4787
5308,4788
5309,4789
531,4790
5310,4791
5311,4792
5312,4793
5313,4794
5314,4795
5315,4796
5316,4797
5317,4798
5318,4799
5319,4800
532,4801
5320,4802
5321,4803
5322,4804
5323,4805
5324,4806
5325,4807
5326,4808
5327,4809
5328,4810
5329,4811
533,4812
5330,4813
5331,4814
5332,4815
5333,4816
5334,4817
5335,4818
5336,4819
5337,4820
5338,4821
5339,4822
534,4823
5340,4824
5341,4825
5342,4826
5343,4827
5344,4828
5345,4829
5346,4830
5347,4831
5348,4832
5349,4833
535,4834
5350,4835
5351,4836
5352,4837
5353,4838
5354,4839
5355,4840
5356,4841
5357,4842
5358,4843
5359,4844
536,4845
5360,4846
5361,4847
5362,4848
5363,4849
5364,4850
5365,4851
5366,4852
5367,4853
5368,4854
5369,4855
537,4856
5370,4857
5371,4858
5372,4859
5373,4860
5374,4861
5375,4862
5376,4863
5377,4864
5378,4865
5379,4866
538,4867
5380,4868
5381,4869
5382,4870
5383,4871
5384,4872
5385,4873
5386,4874
5387,4875
5388,4876
5389,4877
539,4878
5390,4879
5391,4880
5392,4881
5393,4882
5394,4883
5395,4884
5396,4885
5397,4886
5398,4887
5399,4888
54,4889
540,4890
5400,4891
5401,4892
5402,4893
5403,4894
5404,4895
5405,4896
5406,4897
5407,4898
5408,4899
5409,4900
541,4901
5410,4902
5411,4903
5412,4904
5413,4905
5414,4906
5415,4907
5416,4908
5417,4909
5418,4910
5419,4911
542,4912
5420,4913
5421,4914
5422,4915
5423,4916
5424,4917
5425,4918
5426,4919
5427,4920
5428,4921
5429,4922
543,4923
5430,4924
5431,4925
5432,4926
5433,4927
5434,4928
5435,4929
5436,4930
5437,4931
5438,4932
5439,4933
544,4934
5440,4935
5441,4936
5442,4937
5443,4938
5444,4939
5445,4940
5446,4941
5447,4942
5448,4943
5449,4944
545,4945
5450,4946
5451,4947
5452,4948
5453,4949
5454,4950
5455,4951
5456,4952
5457,4953
5458,4954
5459,4955
546,4956
5460,4957
5461,4958
5462,4959
5463,4960
5464,4961
5465,4962
5466,4963
5467,4964
5468,4965
5469,4966
547,4967
5470,4968
5471,4969
5472,4970
5473,4971
5474,4972
5475,4973
5476,4974
5477,4975
5478,4976
5479,4977
548,4978
5480,4979
5481,4980
5482,4981
5483,4982
5484,4983
5485,4984
5486,4985
5487,4986
5488,4987
5489,4988
549,4989
5490,4990
5491,4991
5492,4992
5493,4993
5494,4994
5495,4995
5496,4996
5497,4997
5498,4998
5499,4999
55,5000
550,5001
5500,5002
5501,5003
5502,5004
5503,5005
5504,5006
5505,5007
5506,5008
5507,5009
5508,5010
5509,5011
551,5012
5510,5013
5511,5014
5512,5015
5513,5016
5514,5017
5515,5018
5516,5019
5517,5020
5518,5021
5519,5022
552,5023
5520,5024
5521,5025
5522,5026
5523,5027
5524,5028
5525,5029
5526,5030
5527,5031
5528,5032
5529,5033
553,5034
5530,5035
5531,5036
5532,5037
5533,5038
5534,5039
5535,5040
5536,5041
5537,5042
5538,5043
5539,5044
554,5045
5540,5046
5541,5047
5542,5048
5543,5049
5544,5050
5545,5051
5546,5052
5547,5053
5548,5054
5549,5055
555,5056
5550,5057
5551,5058
5552,5059
5553,5060
5554,5061
5555,5062
5556,5063
5557,5064
5558,5065
5559,5066
556,5067
5560,5068
5561,5069
5562,5070
5563,5071
5564,5072
5565,5073
5566,5074
5567,5075
5568,5076
5569,5077
557,5078
5570,5079
5571,5080
5572,5081
5573,5082
5574,5083
5575,5084
5576,5085
5577,5086
5578,5087
5579,5088
558,5089
5580,5090
5581,5091
5582,5092
5583,5093
5584,5094
5585,5095
5586,5096
5587,5097
5588,5098
5589,5099
559,5100
5590,5101
5591,5102
5592,5103
5593,5104
5594,5105
5595,5106
5596,5107
5597,5108
5598,5109
5599,5110
56,5111
560,5112
5600,5113
5601,5114
5602,5115
5603,5116
5604,5117
5605,5118
5606,5119
5607,5120
5608,5121
5609,5122
561,5123
5610,5124
5611,5125
5612,5126
5613,5127
5614,5128
5615,5129
5616,5130
5617,5131
5618,5132
5619,5133
562,5134
5620,5135
5621,5136
5622,5137
5623,5138
5624,5139
5625,5140
5626,5141
5627,5142
5628,5143
5629,5144
563,5145
5630,5146
5631,5147
5632,5148
5633,5149
5634,5150
5635,5151
5636,5152
5637,5153
5638,5154
5639,5155
564,5156
5640,5157
5641,5158
5642,5159
5643,5160
5644,5161
5645,5162
5646,5163
5647,5164
5648,5165
5649,5166
565,5167
5650,5168
5651,5169
5652,5170
5653,5171
5654,5172
5655,5173
5656,5174
5657,5175
5658,5176
5659,5177
566,5178
5660,5179
5661,5180
5662,5181
5663,5182
5664,5183
5665,5184
5666,5185
5667,5186
5668,5187
5669,5188
567,5189
5670,5190
5671,5191
5672,5192
5673,5193
5674,5194
5675,5195
5676,5196
5677,5197
5678,5198
5679,5199
568,5200
5680,5201
5681,5202
5682,5203
5683,5204
5684,5205
5685,5206
5686,5207
5687,5208
5688,5209
5689,5210
569,5211
5690,5212
5691,5213
5692,5214
5693,5215
5694,5216
5695,5217
5696,5218
5697,5219
5698,5220
5699,5221
57,5222
570,5223
5700,5224
5701,5225
5702,5226
5703,5227
5704,5228
5705,5229
5706,5230
5707,5231
5708,5232
5709,5233
571,5234
5710,5235
5711,5236
5712,5237
5713,5238
5714,5239
5715,5240
5716,5241
5717,5242
5718,5243
5719,5244
572,5245
5720,5246
5721,5247
5722,5248
5723,5249
5724,5250
5725,5251
5726,5252
5727,5253
5728,5254
5729,5255
573,5256
5730,5257
5731,5258
5732,5259
5733,5260
5734,5261
5735,5262
5736,5263
5737,5264
5738,5265
5739,5266
574,5267
5740,5268
5741,5269
5742,5270
5743,5271
5744,5272
5745,5273
5746,5274
5747,5275
5748,5276
5749,5277
575,5278
5750,5279
5751,5280
5752,5281
5753,5282
5754,5283
5755,5284
5756,5285
5757,5286
5758,5287
5759,5288
576,5289
5760,5290
5761,5291
5762,5292
5763,5293
5764,5294
5765,5295
5766,5296
5767,5297
5768,5298
5769,5299
577,5300
5770,5301
5771,5302
5772,5303
5773,5304
5774,5305
5775,5306
5776,5307
5777,5308
5778,5309
5779,5310
578,5311
5780,5312
5781,5313
5782,5314
5783,5315
5784,5316
5785,5317
5786,5318
5787,5319
5788,5320
5789,5321
579,5322
5790,5323
5791,5324
5792,5325
5793,5326
5794,5327
5795,5328
5796,5329
5797,5330
5798,5331
5799,5332
58,5333
580,5334
5800,5335
5801,5336
5802,5337
5803,5338
5804,5339
5805,5340
5806,5341
5807,5342
5808,5343
5809,5344
581,5345
5810,5346
5811,5347
5812,5348
5813,5349
5814,5350
5815,5351
5816,5352
5817,5353
5818,5354
5819,5355
582,5356
5820,5357
5821,5358
5822,5359
5823,5360
5824,5361
5825,5362
5826,5363
5827,5364
5828,5365
5829,5366
583,5367
5830,5368
5831,5369
5832,5370
5833,5371
5834,5372
5835,5373
5836,5374
5837,5375
5838,5376
5839,5377
584,5378
5840,5379
5841,5380
5842,5381
5843,5382
5844,5383
5845,5384
5846,5385
5847,5386
5848,5387
5849,5388
585,5389
5850,5390
5851,5391
5852,5392
5853,5393
5854,5394
5855,5395
5856,5396
5857,5397
5858,5398
5859,5399
586,5400
5860,5401
5861,5402
5862,5403
5863,5404
5864,5405
5865,5406
5866,5407
5867,5408
5868,5409
5869,5410
587,5411
5870,5412
5871,5413
5872,5414
5873,5415
5874,5416
5875,5417
5876,5418
5877,5419
5878,5420
5879,5421
588,5422
5880,5423
5881,5424
5882,5425
5883,5426
5884,5427
5885,5428
5886,5429
5887,5430
5888,5431
5889,5432
589,5433
5890,5434
5891,5435
5892,5436
5893,5437
5894,5438
5895,5439
5896,5440
5897,5441
5898,5442
5899,5443
59,5444
590,5445
5900,5446
5901,5447
5902,5448
5903,5449
5904,5450
5905,5451
5906,5452
5907,5453
5908,5454
5909,5455
591,5456
5910,5457
5911,5458
5912,5459
5913,5460
5914,5461
5915,5462
5916,5463
5917,5464
5918,5465
5919,5466
592,5467
5920,5468
5921,5469
5922,5470
5923,5471
5924,5472
5925,5473
5926,5474
5927,5475
5928,5476
5929,5477
593,5478
5930,5479
5931,5480
5932,5481
5933,5482
5934,5483
5935,5484
5936,5485
5937,5486
5938,5487
5939,5488
594,5489
5940,5490
5941,5491
5942,5492
5943,5493
5944,5494
5945,5495
5946,5496
5947,5497
5948,5498
5949,5499
595,5500
5950,5501
5951,5502
5952,5503
5953,5504
5954,5505
5955,5506
5956,5507
5957,5508
5958,5509
5959,5510
596,5511
5960,5512
5961,5513
5962,5514
5963,5515
5964,5516
5965,5517
5966,5518
5967,5519
5968,5520
5969,5521
597,5522
5970,5523
5971,5524
5972,5525
5973,5526
5974,5527
5975,5528
5976,5529
5977,5530
5978,5531
5979,5532
598,5533
5980,5534
5981,5535
5982,5536
5983,5537
5984,5538
5985,5539
5986,5540
5987,5541
5988,5542
5989,5543
599,5544
5990,5545
5991,5546
5992,5547
5993,5548
5994,5549
5995,5550
5996,5551
5997,5552
5998,5553
5999,5554
6,5555
60,5556
600,5557
6000,5558
6001,5559
6002,5560
6003,5561
6004,5562
6005,5563
6006,5564
6007,5565
6008,5566
6009,5567
601,5568
6010,5569
6011,5570
6012,5571
6013,5572
6014,5573
6015,5574
6016,5575
6017,5576
6018,5577
6019,5578
602,5579
6020,5580
6021,5581
6022,5582
6023,5583
6024,5584
6025,5585
6026,5586
6027,5587
6028,5588
6029,5589
603,5590
6030,5591
6031,5592
6032,5593
6033,5594
6034,5595
6035,5596
6036,5597
6037,5598
6038,5599
6039,5600
604,5601
6040,5602
605,5603
606,5604
607,5605
608,5606
609,5607
61,5608
610,5609
611,5610
612,5611
613,5612
614,5613
615,5614
616,5615
617,5616
618,5617
619,5618
62,5619
620,5620
621,5621
622,5622
623,5623
624,5624
625,5625
626,5626
627,5627
628,5628
629,5629
63,5630
630,5631
631,5632
632,5633
633,5634
634,5635
635,5636
636,5637
637,5638
638,5639
639,5640
64,5641
640,5642
641,5643
642,5644
643,5645
644,5646
645,5647
646,5648
647,5649
648,5650
649,5651
65,5652
650,5653
651,5654
652,5655
653,5656
654,5657
655,5658
656,5659
657,5660
658,5661
659,5662
66,5663
660,5664
661,5665
662,5666
663,5667
664,5668
665,5669
666,5670
667,5671
668,5672
669,5673
67,5674
670,5675
671,5676
672,5677
673,5678
674,5679
675,5680
676,5681
677,5682
678,5683
679,5684
68,5685
680,5686
681,5687
682,5688
683,5689
684,5690
685,5691
686,5692
687,5693
688,5694
689,5695
69,5696
690,5697
691,5698
692,5699
693,5700
694,5701
695,5702
696,5703
697,5704
698,5705
699,5706
7,5707
70,5708
700,5709
701,5710
702,5711
703,5712
704,5713
705,5714
706,5715
707,5716
708,5717
709,5718
71,5719
710,5720
711,5721
712,5722
713,5723
714,5724
715,5725
716,5726
717,5727
718,5728
719,5729
72,5730
720,5731
721,5732
722,5733
723,5734
724,5735
725,5736
726,5737
727,5738
728,5739
729,5740
73,5741
730,5742
731,5743
732,5744
733,5745
734,5746
735,5747
736,5748
737,5749
738,5750
739,5751
74,5752
740,5753
741,5754
742,5755
743,5756
744,5757
745,5758
746,5759
747,5760
748,5761
749,5762
75,5763
750,5764
751,5765
752,5766
753,5767
754,5768
755,5769
756,5770
757,5771
758,5772
759,5773
76,5774
760,5775
761,5776
762,5777
763,5778
764,5779
765,5780
766,5781
767,5782
768,5783
769,5784
77,5785
770,5786
771,5787
772,5788
773,5789
774,5790
775,5791
776,5792
777,5793
778,5794
779,5795
78,5796
780,5797
781,5798
782,5799
783,5800
784,5801
785,5802
786,5803
787,5804
788,5805
789,5806
79,5807
790,5808
791,5809
792,5810
793,5811
794,5812
795,5813
796,5814
797,5815
798,5816
799,5817
8,5818
80,5819
800,5820
801,5821
802,5822
803,5823
804,5824
805,5825
806,5826
807,5827
808,5828
809,5829
81,5830
810,5831
811,5832
812,5833
813,5834
814,5835
815,5836
816,5837
817,5838
818,5839
819,5840
82,5841
820,5842
821,5843
822,5844
823,5845
824,5846
825,5847
826,5848
827,5849
828,5850
829,5851
83,5852
830,5853
831,5854
832,5855
833,5856
834,5857
835,5858
836,5859
837,5860
838,5861
839,5862
84,5863
840,5864
841,5865
842,5866
843,5867
844,5868
845,5869
846,5870
847,5871
848,5872
849,5873
85,5874
850,5875
851,5876
852,5877
853,5878
854,5879
855,5880
856,5881
857,5882
858,5883
859,5884
86,5885
860,5886
861,5887
862,5888
863,5889
864,5890
865,5891
866,5892
867,5893
868,5894
869,5895
87,5896
870,5897
871,5898
872,5899
873,5900
874,5901
875,5902
876,5903
877,5904
878,5905
879,5906
88,5907
880,5908
881,5909
882,5910
883,5911
884,5912
885,5913
886,5914
887,5915
888,5916
889,5917
89,5918
890,5919
891,5920
892,5921
893,5922
894,5923
895,5924
896,5925
897,5926
898,5927
899,5928
9,5929
90,5930
900,5931
901,5932
902,5933
903,5934
904,5935
905,5936
906,5937
907,5938
908,5939
909,5940
91,5941
910,5942
911,5943
912,5944
913,5945
914,5946
915,5947
916,5948
917,5949
918,5950
919,5951
92,5952
920,5953
921,5954
922,5955
923,5956
924,5957
925,5958
926,5959
927,5960
928,5961
929,5962
93,5963
930,5964
931,5965
932,5966
933,5967
934,5968
935,5969
936,5970
937,5971
938,5972
939,5973
94,5974
940,5975
941,5976
942,5977
943,5978
944,5979
945,5980
946,5981
947,5982
948,5983
949,5984
95,5985
950,5986
951,5987
952,5988
953,5989
954,5990
955,5991
956,5992
957,5993
958,5994
959,5995
96,5996
960,5997
961,5998
962,5999
963,6000
964,6001
965,6002
966,6003
967,6004
968,6005
969,6006
97,6007
970,6008
971,6009
972,6010
973,6011
974,6012
975,6013
976,6014
977,6015
978,6016
979,6017
98,6018
980,6019
981,6020
982,6021
983,6022
984,6023
985,6024
986,6025
987,6026
988,6027
989,6028
99,6029
990,6030
991,6031
992,6032
993,6033
994,6034
995,6035
996,6036
997,6037
998,6038
999,6039
