id_movie,id_col
3186,0
1270,1
1721,2
1022,3
2340,4
1836,5
3408,6
1207,7
2804,8
1193,9
720,10
260,11
919,12
608,13
2692,14
1961,15
2028,16
3105,17
938,18
1035,19
1962,20
150,21
2018,22
1028,23
1097,24
914,25
2797,26
1287,27
1246,28
2762,29
661,30
2918,31
531,32
3114,33
2791,34
2321,35
1029,36
594,37
858,38
743,39
597,40
1948,41
1210,42
2312,43
551,44
3751,45
1282,46
2858,47
2033,48
3155,49
480,50
1544,51
2135,52
2657,53
3675,54
2399,55
648,56
3189,57
3481,58
3629,59
1204,60
1148,61
1927,62
1198,63
541,64
1234,65
1293,66
3037,67
2300,68
912,69
1291,70
1954,71
1302,72
1214,73
1079,74
1215,75
1080,76
1201,77
110,78
223,79
588,80
913,81
1278,82
954,83
2716,84
1294,85
1387,86
3868,87
3035,88
2997,89
3702,90
3296,91
589,92
277,93
2959,94
2336,95
2872,96
3198,97
3095,98
926,99
3471,100
1254,101
3671,102
1411,103
2324,104
1682,105
2000,106
3194,107
1271,108
3358,109
1580,110
2501,111
802,112
2863,113
1,114
953,115
1269,116
3525,117
3087,118
2355,119
1307,120
1250,121
364,122
1084,123
3451,124
2100,125
180,126
1947,127
3703,128
356,129
3066,130
3699,131
2080,132
1253,133
2529,134
3723,135
2291,136
3097,137
1230,138
2040,139
368,140
587,141
920,142
62,143
653,144
2496,145
3100,146
3359,147
3255,148
943,149
2948,150
2874,151
1408,152
918,153
915,154
539,155
1653,156
1104,157
592,158
1243,159
2041,160
1257,161
1088,162
2302,163
3386,164
1967,165
1012,166
3247,167
316,168
1921,169
2662,170
971,171
104,172
3086,173
1357,174
2371,175
2294,176
590,177
2078,178
2001,179
2174,180
963,181
3363,182
2617,183
1019,184
7,185
2003,186
2137,187
2967,188
3701,189
1356,190
1220,191
2115,192
1517,193
2081,194
3039,195
1025,196
2393,197
2011,198
2470,199
3500,200
1101,201
2012,202
596,203
2622,204
2161,205
1375,206
1923,207
1372,208
3928,209
2746,210
3174,211
3704,212
671,213
2628,214
1032,215
3809,216
1441,217
3591,218
1031,219
2045,220
2015,221
3608,222
1042,223
317,224
780,225
3259,226
1756,227
1020,228
3252,229
586,230
2082,231
292,232
2453,233
2111,234
2090,235
2138,236
543,237
253,238
3501,239
333,240
2423,241
3072,242
2046,243
2043,244
2109,245
1676,246
1124,247
2094,248
2431,249
329,250
1016,251
2133,252
2124,253
2436,254
1633,255
1345,256
1380,257
344,258
370,259
1573,260
2054,261
1135,262
2047,263
2005,264
435,265
1371,266
1125,267
351,268
2002,269
2093,270
1409,271
2049,272
2424,273
2316,274
282,275
830,276
1091,277
1884,278
3153,279
248,280
1377,281
3439,282
153,283
186,284
3812,285
2497,286
1586,287
3688,288
2136,289
2375,290
48,291
208,292
3099,293
2378,294
1918,295
1513,296
2770,297
1690,298
1959,299
765,300
1566,301
542,302
3948,303
3536,304
2567,305
800,306
1196,307
1221,308
1304,309
2427,310
2571,311
1200,312
969,313
1197,314
21,315
349,316
2406,317
2527,318
3107,319
380,320
2640,321
288,322
3274,323
1722,324
3827,325
1049,326
1597,327
2405,328
2990,329
3068,330
2973,331
1610,332
1233,333
1240,334
457,335
1222,336
1036,337
2947,338
2353,339
3256,340
163,341
377,342
1374,343
2916,344
2194,345
2949,346
3267,347
3527,348
2366,349
3405,350
861,351
3418,352
3793,353
3578,354
1023,355
1617,356
2885,357
3909,358
3555,359
1479,360
3949,361
3897,362
3903,363
3910,364
3893,365
3915,366
3952,367
3914,368
3863,369
3950,370
3192,371
3554,372
3823,373
3182,374
3566,375
3720,376
3556,377
3289,378
3510,379
3538,380
3409,381
3512,382
3515,383
3328,384
3571,385
3185,386
3831,387
3852,388
3795,389
3241,390
3916,391
3794,392
3745,393
3598,394
3618,395
3273,396
3452,397
3509,398
3796,399
3822,400
3535,401
3787,402
3785,403
3298,404
3623,405
3744,406
3285,407
3594,408
3717,409
3798,410
3615,411
3565,412
3299,413
3453,414
3825,415
3316,416
3616,417
3325,418
3626,419
3821,420
2504,421
3083,422
3855,423
2539,424
3179,425
3051,426
2706,427
3173,428
3159,429
2837,430
3160,431
3786,432
3150,433
3755,434
3357,435
3753,436
3911,437
2775,438
1312,439
59,440
527,441
1734,442
2599,443
1446,444
2682,445
2966,446
2573,447
1912,448
2686,449
1694,450
2357,451
1393,452
2761,453
896,454
1704,455
1635,456
3008,457
1537,458
1265,459
2442,460
3078,461
2912,462
3006,463
2585,464
2396,465
2908,466
875,467
1358,468
2610,469
1673,470
2391,471
232,472
3260,473
1594,474
2333,475
1719,476
2580,477
3079,478
1519,479
2700,480
446,481
3181,482
3178,483
3128,484
3052,485
3148,486
2725,487
1639,488
3163,489
1784,490
595,491
1885,492
2883,493
1729,494
1183,495
1680,496
1611,497
3147,498
2425,499
2711,500
3055,501
3000,502
2481,503
1844,504
2390,505
1407,506
1059,507
2542,508
2611,509
299,510
2268,511
1794,512
1747,513
2502,514
2171,515
137,516
1696,517
1535,518
508,519
1916,520
1396,521
1748,522
2331,523
2687,524
1500,525
2600,526
3176,527
2583,528
3145,529
1688,530
2671,531
2166,532
2621,533
357,534
1805,535
1907,536
2029,537
1542,538
367,539
1184,540
2721,541
417,542
2165,543
2690,544
3920,545
1612,546
733,547
2975,548
2891,549
1810,550
2759,551
1619,552
2607,553
2433,554
2707,555
1735,556
1892,557
3125,558
1063,559
2774,560
3677,561
2718,562
1480,563
1416,564
388,565
1569,566
1821,567
2960,568
2561,569
2710,570
2843,571
1711,572
2544,573
1614,574
2605,575
3158,576
2810,577
1093,578
3543,579
2395,580
2702,581
2987,582
3317,583
1213,584
296,585
1041,586
1094,587
36,588
2289,589
994,590
58,591
25,592
235,593
300,594
529,595
2890,596
1120,597
1968,598
3257,599
29,600
1225,601
246,602
593,603
318,604
1952,605
923,606
1262,607
111,608
1007,609
3300,610
2457,611
1370,612
2763,613
2193,614
3763,615
2006,616
3635,617
2490,618
1527,619
2167,620
1376,621
474,622
3082,623
3639,624
2993,625
2699,626
3740,627
1429,628
3633,629
2991,630
494,631
10,632
1858,633
2476,634
2802,635
1552,636
165,637
1047,638
353,639
1378,640
2528,641
1792,642
1608,643
610,644
3020,645
70,646
3638,647
1769,648
1379,649
1876,650
3444,651
303,652
1385,653
170,654
2376,655
442,656
112,657
1616,658
736,659
786,660
552,661
2881,662
517,663
2126,664
533,665
1037,666
2421,667
3807,668
1687,669
1801,670
42,671
3441,672
3697,673
1205,674
1391,675
2365,676
1525,677
2735,678
2582,679
44,680
466,681
459,682
694,683
1100,684
420,685
173,686
2815,687
485,688
2625,689
3438,690
3802,691
1373,692
3208,693
1562,694
2986,695
327,696
2642,697
2253,698
172,699
2816,700
2373,701
1772,702
3268,703
2422,704
1606,705
2568,706
2748,707
2643,708
502,709
2879,710
3175,711
1274,712
1275,713
1127,714
1073,715
2968,716
2116,717
3070,718
3771,719
1587,720
2099,721
2414,722
2105,723
3770,724
2641,725
3698,726
1009,727
1917,728
2,729
2723,730
362,731
2088,732
3489,733
2143,734
158,735
2615,736
1030,737
2471,738
2450,739
2162,740
3705,741
126,742
3611,743
2857,744
2087,745
2139,746
2089,747
2096,748
616,749
3213,750
2085,751
1033,752
783,753
3034,754
2102,755
1405,756
1064,757
2048,758
1024,759
239,760
1881,761
1136,762
1394,763
2788,764
1292,765
1288,766
3421,767
34,768
562,769
1285,770
3396,771
2946,772
1663,773
1226,774
1256,775
3552,776
2248,777
1066,778
1297,779
3526,780
2144,781
852,782
440,783
3760,784
1263,785
2942,786
2398,787
2369,788
1911,789
233,790
2394,791
2485,792
2491,793
3157,794
3081,795
3361,796
1259,797
3613,798
968,799
1252,800
1284,801
930,802
1953,803
1264,804
2169,805
3355,806
3895,807
3946,808
3275,809
3752,810
3190,811
1206,812
2320,813
1590,814
662,815
2953,816
2150,817
1965,818
2518,819
1401,820
2694,821
785,822
2392,823
3354,824
2701,825
1276,826
909,827
2023,828
3436,829
3513,830
3747,831
3861,832
3534,833
3858,834
1609,835
2262,836
1011,837
2794,838
71,839
1835,840
3397,841
3936,842
3440,843
2402,844
2273,845
2409,846
3024,847
1147,848
1034,849
50,850
778,851
47,852
555,853
1660,854
1245,855
2318,856
1060,857
1098,858
3002,859
175,860
17,861
1824,862
1785,863
3271,864
514,865
475,866
45,867
441,868
3253,869
2359,870
1123,871
1343,872
553,873
893,874
714,875
482,876
151,877
194,878
2108,879
6,880
1625,881
3476,882
1466,883
145,884
493,885
1693,886
1732,887
866,888
3044,889
1589,890
1627,891
1909,892
1464,893
2866,894
2921,895
1089,896
1179,897
788,898
1920,899
558,900
60,901
1702,902
673,903
1126,904
810,905
464,906
547,907
434,908
798,909
849,910
2058,911
2278,912
2334,913
1518,914
198,915
507,916
479,917
1488,918
9,919
876,920
95,921
2722,922
1667,923
1320,924
384,925
387,926
1599,927
504,928
1833,929
1604,930
3165,931
544,932
1431,933
1591,934
1869,935
438,936
1382,937
3841,938
2808,939
2322,940
546,941
315,942
1499,943
692,944
405,945
204,946
839,947
160,948
1004,949
667,950
2412,951
2153,952
1497,953
998,954
2196,955
737,956
1626,957
13,958
2189,959
1822,960
1654,961
1919,962
1713,963
1546,964
1845,965
1641,966
3060,967
3108,968
1482,969
11,970
2282,971
1392,972
3261,973
141,974
1883,975
1171,976
101,977
708,978
1777,979
144,980
585,981
1806,982
500,983
3614,984
3450,985
231,986
1485,987
1875,988
252,989
410,990
3263,991
372,992
3712,993
2683,994
2325,995
468,996
69,997
450,998
564,999
122,1000
3120,1001
818,1002
216,1003
3254,1004
1689,1005
2598,1006
1367,1007
3869,1008
203,1009
2249,1010
414,1011
63,1012
5,1013
520,1014
3258,1015
569,1016
691,1017
719,1018
3243,1019
2597,1020
833,1021
3,1022
1390,1023
1760,1024
2913,1025
195,1026
813,1027
3773,1028
3130,1029
65,1030
1353,1031
415,1032
413,1033
2027,1034
1855,1035
355,1036
2500,1037
2042,1038
2142,1039
360,1040
1863,1041
2606,1042
1021,1043
489,1044
1005,1045
1474,1046
234,1047
276,1048
432,1049
3043,1050
411,1051
93,1052
1837,1053
2886,1054
12,1055
3248,1056
1468,1057
1410,1058
2492,1059
1707,1060
19,1061
1622,1062
255,1063
2952,1064
293,1065
162,1066
1191,1067
32,1068
337,1069
1095,1070
1730,1071
2596,1072
428,1073
16,1074
161,1075
1584,1076
412,1077
524,1078
1668,1079
1268,1080
1412,1081
431,1082
3246,1083
454,1084
2231,1085
832,1086
1051,1087
14,1088
1897,1089
509,1090
1672,1091
2071,1092
1061,1093
159,1094
1620,1095
515,1096
481,1097
835,1098
2771,1099
1799,1100
1404,1101
57,1102
2546,1103
1054,1104
2112,1105
1563,1106
2976,1107
724,1108
2541,1109
456,1110
1848,1111
1601,1112
1783,1113
3499,1114
799,1115
1645,1116
532,1117
188,1118
1339,1119
2793,1120
1762,1121
2898,1122
3709,1123
3264,1124
382,1125
152,1126
1342,1127
1717,1128
2713,1129
512,1130
2004,1131
2327,1132
273,1133
3919,1134
196,1135
2328,1136
407,1137
177,1138
879,1139
2995,1140
2560,1141
3662,1142
2107,1143
1992,1144
2315,1145
1644,1146
2719,1147
2389,1148
3838,1149
2514,1150
611,1151
1862,1152
1771,1153
1487,1154
2084,1155
631,1156
1459,1157
1092,1158
2875,1159
1422,1160
2168,1161
2125,1162
1895,1163
1603,1164
2232,1165
880,1166
3269,1167
1779,1168
185,1169
24,1170
338,1171
1831,1172
256,1173
2807,1174
628,1175
373,1176
132,1177
350,1178
1472,1179
521,1180
259,1181
2803,1182
1658,1183
225,1184
3249,1185
18,1186
23,1187
1598,1188
3063,1189
1515,1190
600,1191
436,1192
100,1193
2505,1194
3835,1195
991,1196
1445,1197
2817,1198
2818,1199
383,1200
2439,1201
147,1202
354,1203
2195,1204
247,1205
471,1206
280,1207
2581,1208
1476,1209
1834,1210
2978,1211
1266,1212
1228,1213
3683,1214
2288,1215
2745,1216
1231,1217
3342,1218
3019,1219
2348,1220
2313,1221
2064,1222
2076,1223
3424,1224
1090,1225
2917,1226
1227,1227
3071,1228
1960,1229
1185,1230
1258,1231
2985,1232
3104,1233
2867,1234
1674,1235
1096,1236
1994,1237
3700,1238
3210,1239
1129,1240
1321,1241
3029,1242
2243,1243
2926,1244
3360,1245
3098,1246
3685,1247
2118,1248
3018,1249
2022,1250
3505,1251
2915,1252
2750,1253
1186,1254
1295,1255
2551,1256
3684,1257
2456,1258
3879,1259
66,1260
3479,1261
1595,1262
3113,1263
227,1264
1655,1265
2083,1266
73,1267
2020,1268
2145,1269
2469,1270
1381,1271
2950,1272
3244,1273
1244,1274
3101,1275
934,1276
910,1277
2361,1278
921,1279
735,1280
951,1281
1188,1282
39,1283
3548,1284
3599,1285
3088,1286
1556,1287
3624,1288
2151,1289
1212,1290
2871,1291
3518,1292
1219,1293
2160,1294
1340,1295
2648,1296
2664,1297
1997,1298
565,1299
2488,1300
1982,1301
1130,1302
1348,1303
1333,1304
2644,1305
841,1306
2553,1307
2455,1308
2550,1309
3917,1310
2159,1311
2747,1312
1350,1313
2784,1314
2782,1315
1332,1316
1261,1317
3676,1318
2454,1319
3930,1320
2148,1321
2781,1322
2554,1323
1128,1324
2120,1325
1334,1326
2902,1327
2517,1328
2717,1329
2026,1330
2900,1331
1924,1332
2613,1333
2163,1334
2668,1335
2121,1336
3826,1337
2971,1338
3545,1339
199,1340
899,1341
1932,1342
3606,1343
1951,1344
2303,1345
900,1346
935,1347
346,1348
3549,1349
1298,1350
1081,1351
1057,1352
3199,1353
3604,1354
2941,1355
2565,1356
901,1357
2877,1358
242,1359
2017,1360
3649,1361
2019,1362
1237,1363
290,1364
3362,1365
2351,1366
3730,1367
1529,1368
3224,1369
306,1370
2731,1371
1413,1372
1150,1373
1217,1374
496,1375
1572,1376
1299,1377
908,1378
3811,1379
1224,1380
3067,1381
583,1382
1208,1383
1178,1384
2067,1385
1956,1386
3134,1387
3152,1388
1251,1389
1354,1390
3741,1391
2612,1392
3089,1393
2920,1394
1946,1395
307,1396
2728,1397
1964,1398
1950,1399
949,1400
2732,1401
1099,1402
3504,1403
1859,1404
924,1405
3200,1406
2739,1407
3334,1408
1913,1409
495,1410
1132,1411
1131,1412
1296,1413
1957,1414
3111,1415
2919,1416
1187,1417
905,1418
2937,1419
3929,1420
2935,1421
2936,1422
898,1423
947,1424
1238,1425
1235,1426
1449,1427
1963,1428
916,1429
927,1430
2065,1431
176,1432
348,1433
1172,1434
933,1435
3622,1436
1281,1437
1151,1438
2238,1439
2349,1440
1236,1441
728,1442
1077,1443
1211,1444
3521,1445
3096,1446
1414,1447
3422,1448
497,1449
988,1450
3129,1451
3925,1452
1958,1453
3851,1454
2208,1455
52,1456
2736,1457
1864,1458
1273,1459
1966,1460
1078,1461
2352,1462
1175,1463
2767,1464
838,1465
3028,1466
1648,1467
499,1468
2572,1469
3544,1470
322,1471
1279,1472
574,1473
2738,1474
2110,1475
837,1476
2463,1477
1199,1478
750,1479
680,1480
1306,1481
2010,1482
2140,1483
1301,1484
3576,1485
2021,1486
2173,1487
1267,1488
904,1489
903,1490
2186,1491
335,1492
928,1493
1249,1494
3204,1495
965,1496
1248,1497
28,1498
1247,1499
3475,1500
1277,1501
2899,1502
917,1503
1260,1504
2066,1505
922,1506
3435,1507
942,1508
1344,1509
2203,1510
3706,1511
2182,1512
2970,1513
3036,1514
3461,1515
3457,1516
950,1517
2024,1518
2467,1519
3445,1520
906,1521
911,1522
451,1523
931,1524
3262,1525
1484,1526
2413,1527
2311,1528
3151,1529
427,1530
2075,1531
1289,1532
1944,1533
1242,1534
1272,1535
41,1536
1939,1537
3724,1538
647,1539
1670,1540
665,1541
3448,1542
155,1543
266,1544
976,1545
897,1546
2106,1547
3365,1548
1209,1549
3093,1550
1283,1551
549,1552
2859,1553
1050,1554
3007,1555
1192,1556
2677,1557
3077,1558
136,1559
3327,1560
206,1561
940,1562
522,1563
3430,1564
2013,1565
2616,1566
748,1567
2741,1568
2524,1569
2367,1570
1882,1571
2370,1572
2495,1573
2009,1574
674,1575
3927,1576
2407,1577
3033,1578
2672,1579
2827,1580
2130,1581
1945,1582
1647,1583
1352,1584
3529,1585
999,1586
22,1587
117,1588
3301,1589
3272,1590
1804,1591
762,1592
3627,1593
3550,1594
1347,1595
2513,1596
1974,1597
1991,1598
1327,1599
1346,1600
3708,1601
1998,1602
3459,1603
2338,1604
3754,1605
3935,1606
2279,1607
3749,1608
3784,1609
2329,1610
1176,1611
501,1612
308,1613
265,1614
262,1615
1365,1616
534,1617
3374,1618
1455,1619
2237,1620
477,1621
314,1622
319,1623
2839,1624
334,1625
3250,1626
483,1627
1280,1628
2708,1629
342,1630
1643,1631
613,1632
492,1633
986,1634
339,1635
1727,1636
1177,1637
366,1638
3934,1639
3918,1640
3923,1641
891,1642
3926,1643
1973,1644
1969,1645
2792,1646
1970,1647
1971,1648
1972,1649
3940,1650
1976,1651
1986,1652
3942,1653
1977,1654
3941,1655
3931,1656
3864,1657
3064,1658
3490,1659
2666,1660
3075,1661
3849,1662
3875,1663
1103,1664
599,1665
1914,1666
3416,1667
3727,1668
3735,1669
2929,1670
848,1671
3680,1672
3658,1673
2944,1674
2097,1675
1076,1676
3932,1677
2712,1678
2301,1679
2951,1680
3612,1681
2654,1682
2178,1683
2785,1684
2729,1685
2659,1686
2841,1687
1955,1688
2362,1689
3061,1690
2430,1691
2363,1692
3832,1693
2077,1694
2645,1695
2635,1696
3494,1697
3217,1698
2650,1699
3266,1700
3498,1701
2384,1702
2420,1703
3016,1704
2780,1705
1754,1706
2519,1707
3587,1708
1010,1709
3015,1710
2901,1711
2256,1712
3686,1713
973,1714
1190,1715
2240,1716
1286,1717
1241,1718
3695,1719
3344,1720
1255,1721
3847,1722
2653,1723
1331,1724
2646,1725
2633,1726
3757,1727
3340,1728
2649,1729
3351,1730
2853,1731
2053,1732
2403,1733
3681,1734
2726,1735
2727,1736
164,1737
3030,1738
3307,1739
3739,1740
3022,1741
1162,1742
3819,1743
3462,1744
3873,1745
936,1746
955,1747
945,1748
3133,1749
3814,1750
3265,1751
1218,1752
3310,1753
3519,1754
2401,1755
3682,1756
3871,1757
3508,1758
3792,1759
2478,1760
3551,1761
929,1762
2206,1763
3728,1764
2202,1765
3546,1766
229,1767
2183,1768
2176,1769
3102,1770
2346,1771
1841,1772
2285,1773
3469,1774
2925,1775
3196,1776
3742,1777
3468,1778
1949,1779
2132,1780
902,1781
3201,1782
30,1783
535,1784
154,1785
3788,1786
1699,1787
3038,1788
2070,1789
3168,1790
1203,1791
2730,1792
3222,1793
2287,1794
2897,1795
946,1796
3284,1797
952,1798
3619,1799
2795,1800
1395,1801
2416,1802
2290,1803
3308,1804
2418,1805
2245,1806
3524,1807
2134,1808
2752,1809
2241,1810
3387,1811
3846,1812
2417,1813
2374,1814
2257,1815
3014,1816
2072,1817
2372,1818
3235,1819
2796,1820
2044,1821
3385,1822
3048,1823
3394,1824
2458,1825
3391,1826
272,1827
1305,1828
2852,1829
2928,1830
2474,1831
2146,1832
3791,1833
2639,1834
3707,1835
3423,1836
3577,1837
2411,1838
2404,1839
892,1840
663,1841
476,1842
2447,1843
3446,1844
312,1845
1317,1846
157,1847
784,1848
3156,1849
3045,1850
1904,1851
275,1852
1526,1853
2829,1854
88,1855
429,1856
2239,1857
3733,1858
3738,1859
3304,1860
3813,1861
3588,1862
3167,1863
2074,1864
2520,1865
1194,1866
3040,1867
2779,1868
2032,1869
907,1870
3142,1871
3872,1872
1755,1873
3326,1874
3177,1875
3580,1876
2434,1877
2575,1878
3219,1879
2724,1880
2337,1881
2714,1882
851,1883
2119,1884
809,1885
2691,1886
3366,1887
3783,1888
1189,1889
281,1890
218,1891
3004,1892
2826,1893
2861,1894
2688,1895
2720,1896
2882,1897
2310,1898
3053,1899
2840,1900
2961,1901
3894,1902
1163,1903
3746,1904
1058,1905
3094,1906
2938,1907
1678,1908
2594,1909
3801,1910
85,1911
2772,1912
211,1913
2940,1914
1069,1915
1300,1916
270,1917
461,1918
3370,1919
1575,1920
1812,1921
1428,1922
3010,1923
1893,1924
1547,1925
2284,1926
2493,1927
326,1928
321,1929
2038,1930
2693,1931
2907,1932
116,1933
3046,1934
3569,1935
3429,1936
2626,1937
1870,1938
390,1939
3859,1940
1087,1941
107,1942
89,1943
3197,1944
2989,1945
2533,1946
2532,1947
2410,1948
379,1949
2380,1950
3406,1951
3062,1952
3654,1953
3384,1954
3836,1955
2609,1956
722,1957
1900,1958
1223,1959
2341,1960
249,1961
1791,1962
804,1963
240,1964
1168,1965
3837,1966
2377,1967
3693,1968
2451,1969
1995,1970
3692,1971
3799,1972
3889,1973
210,1974
996,1975
1600,1976
978,1977
1931,1978
3736,1979
1086,1980
944,1981
1935,1982
941,1983
2057,1984
3483,1985
2204,1986
1940,1987
3492,1988
3287,1989
1083,1990
2870,1991
1873,1992
3506,1993
948,1994
1013,1995
3844,1996
1894,1997
3251,1998
3414,1999
3345,2000
2205,2001
3324,2002
193,2003
423,2004
2903,2005
336,2006
678,2007
2344,2008
3270,2009
2670,2010
2972,2011
615,2012
645,2013
1545,2014
1419,2015
3211,2016
3281,2017
82,2018
374,2019
3516,2020
3005,2021
2147,2022
3238,2023
2574,2024
2330,2025
381,2026
105,2027
2114,2028
3203,2029
1290,2030
2922,2031
2535,2032
1202,2033
1533,2034
1362,2035
3169,2036
2624,2037
3466,2038
1750,2039
425,2040
3579,2041
361,2042
3726,2043
3090,2044
3679,2045
605,2046
1325,2047
3225,2048
2297,2049
3511,2050
213,2051
2428,2052
455,2053
1359,2054
2265,2055
20,2056
745,2057
2052,2058
2036,2059
449,2060
2482,2061
1457,2062
2335,2063
2296,2064
516,2065
1461,2066
2155,2067
1665,2068
2558,2069
2860,2070
550,2071
1816,2072
3146,2073
174,2074
433,2075
237,2076
2555,2077
1440,2078
1581,2079
2060,2080
118,2081
1550,2082
3031,2083
725,2084
2798,2085
378,2086
3669,2087
1632,2088
419,2089
2280,2090
556,2091
1797,2092
99,2093
3713,2094
3318,2095
3593,2096
125,2097
2499,2098
635,2099
1425,2100
700,2101
224,2102
1642,2103
274,2104
236,2105
3138,2106
3398,2107
2734,2108
3480,2109
3478,2110
2472,2111
2261,2112
3399,2113
3392,2114
2141,2115
3388,2116
1330,2117
2786,2118
3393,2119
2408,2120
2473,2121
3412,2122
2449,2123
3401,2124
1615,2125
707,2126
882,2127
2267,2128
742,2129
540,2130
2974,2131
1629,2132
445,2133
473,2134
289,2135
518,2136
505,2137
1588,2138
1593,2139
603,2140
2552,2141
447,2142
2888,2143
3484,2144
3865,2145
3857,2146
3908,2147
538,2148
1056,2149
3426,2150
230,2151
222,2152
805,2153
695,2154
490,2155
2059,2156
759,2157
1649,2158
581,2159
3467,2160
2164,2161
2828,2162
2757,2163
3115,2164
2856,2165
2526,2166
2805,2167
2475,2168
513,2169
2184,2170
2187,2171
1460,2172
257,2173
1018,2174
113,2175
2219,2176
2945,2177
3364,2178
1152,2179
258,2180
376,2181
2965,2182
181,2183
688,2184
2271,2185
1827,2186
1993,2187
1983,2188
1388,2189
1975,2190
3882,2191
961,2192
458,2193
3937,2194
3140,2195
1925,2196
1926,2197
3012,2198
3309,2199
426,2200
2117,2201
76,2202
3032,2203
332,2204
448,2205
3660,2206
2525,2207
2034,2208
536,2209
2443,2210
1840,2211
3586,2212
1733,2213
3668,2214
3834,2215
261,2216
2590,2217
1442,2218
3428,2219
1027,2220
1508,2221
2678,2222
2154,2223
3437,2224
1782,2225
156,2226
2696,2227
3507,2228
187,2229
2247,2230
2014,2231
1701,2232
2836,2233
352,2234
2498,2235
3665,2236
537,2237
3011,2238
2988,2239
982,2240
3074,2241
3368,2242
598,2243
563,2244
444,2245
3553,2246
3824,2247
627,2248
2272,2249
3880,2250
1684,2251
301,2252
1554,2253
2570,2254
2697,2255
1303,2256
3564,2257
3874,2258
506,2259
3124,2260
3503,2261
3659,2262
3135,2263
1753,2264
3330,2265
709,2266
207,2267
2889,2268
1621,2269
38,2270
3477,2271
1888,2272
31,2273
2822,2274
1825,2275
3502,2276
1605,2277
1003,2278
984,2279
2432,2280
2435,2281
2123,2282
1014,2283
2051,2284
2385,2285
4,2286
2269,2287
1811,2288
27,2289
2188,2290
2629,2291
1988,2292
267,2293
2092,2294
305,2295
2548,2296
430,2297
779,2298
2386,2299
2806,2300
2522,2301
2260,2302
3896,2303
3901,2304
3886,2305
3943,2306
3902,2307
3900,2308
3912,2309
3944,2310
2681,2311
741,2312
3572,2313
718,2314
2275,2315
1570,2316
519,2317
2825,2318
758,2319
2063,2320
2673,2321
1406,2322
670,2323
1922,2324
2760,2325
1504,2326
2630,2327
621,2328
2503,2329
1116,2330
1053,2331
214,2332
2360,2333
525,2334
80,2335
347,2336
2557,2337
1664,2338
302,2339
341,2340
650,2341
730,2342
106,2343
385,2344
698,2345
1119,2346
2705,2347
862,2348
1112,2349
1437,2350
997,2351
1759,2352
1543,2353
523,2354
2305,2355
49,2356
389,2357
570,2358
649,2359
1683,2360
268,2361
2844,2362
1624,2363
345,2364
90,2365
1507,2366
215,2367
245,2368
2994,2369
2388,2370
1369,2371
264,2372
2579,2373
526,2374
309,2375
2192,2376
2445,2377
3531,2378
26,2379
3761,2380
340,2381
369,2382
617,2383
1596,2384
55,2385
580,2386
877,2387
2704,2388
465,2389
806,2390
43,2391
766,2392
715,2393
2486,2394
1809,2395
1829,2396
205,2397
729,2398
72,2399
2765,2400
1366,2401
3117,2402
3118,2403
685,2404
1167,2405
1661,2406
960,2407
2210,2408
1929,2409
2905,2410
3417,2411
3139,2412
761,2413
1669,2414
1725,2415
2276,2416
2801,2417
803,2418
3789,2419
3230,2420
3725,2421
2459,2422
2848,2423
35,2424
2062,2425
2998,2426
3584,2427
2259,2428
2437,2429
2122,2430
2906,2431
3069,2432
2091,2433
1640,2434
94,2435
1866,2436
365,2437
705,2438
1906,2439
1941,2440
1432,2441
1438,2442
2170,2443
393,2444
2549,2445
3341,2446
3646,2447
1739,2448
2835,2449
1498,2450
1399,2451
1582,2452
46,2453
808,2454
2846,2455
2236,2456
2429,2457
606,2458
2660,2459
2181,2460
1085,2461
2201,2462
828,2463
343,2464
1015,2465
575,2466
1363,2467
2180,2468
1936,2469
2177,2470
1938,2471
1398,2472
3870,2473
238,2474
8,2475
1933,2476
2387,2477
2354,2478
484,2479
2295,2480
86,2481
3528,2482
3756,2483
2577,2484
3073,2485
1928,2486
1068,2487
962,2488
2506,2489
3371,2490
2996,2491
801,2492
3729,2493
618,2494
102,2495
2618,2496
2977,2497
1483,2498
3121,2499
1337,2500
1731,2501
2098,2502
932,2503
612,2504
2695,2505
3645,2506
510,2507
1456,2508
1746,2509
1865,2510
68,2511
135,2512
829,2513
2103,2514
637,2515
2306,2516
3617,2517
3404,2518
764,2519
1887,2520
2766,2521
123,2522
1454,2523
3672,2524
2095,2525
3674,2526
3673,2527
2400,2528
2016,2529
2709,2530
87,2531
2073,2532
2880,2533
2924,2534
3049,2535
3017,2536
3347,2537
2007,2538
2819,2539
3769,2540
2364,2541
2531,2542
842,2543
2789,2544
330,2545
1389,2546
3339,2547
2448,2548
1565,2549
2152,2550
1788,2551
987,2552
2755,2553
1463,2554
1839,2555
1987,2556
1985,2557
1465,2558
254,2559
1860,2560
40,2561
2031,2562
1592,2563
2314,2564
3240,2565
1335,2566
2266,2567
2787,2568
2465,2569
2884,2570
782,2571
3759,2572
2689,2573
1752,2574
3127,2575
2676,2576
79,2577
3116,2578
2914,2579
1681,2580
1996,2581
1726,2582
2812,2583
2440,2584
3454,2585
2190,2586
3743,2587
548,2588
2037,2589
1417,2590
2992,2591
2460,2592
1999,2593
3661,2594
2854,2595
1180,2596
2799,2597
2025,2598
781,2599
3141,2600
3764,2601
2252,2602
422,2603
1336,2604
78,2605
171,2606
168,2607
1503,2608
2665,2609
2530,2610
3758,2611
2851,2612
3420,2613
1341,2614
2521,2615
2461,2616
2800,2617
3054,2618
2566,2619
1541,2620
325,2621
1910,2622
2379,2623
2381,2624
2383,2625
2382,2626
243,2627
1583,2628
3214,2629
731,2630
3557,2631
3810,2632
1896,2633
2669,2634
2663,2635
416,2636
3678,2637
467,2638
2540,2639
3590,2640
491,2641
609,2642
990,2643
3161,2644
2778,2645
189,2646
836,2647
2069,2648
652,2649
1686,2650
2956,2651
3710,2652
3432,2653
2756,2654
3766,2655
2468,2656
3716,2657
3877,2658
469,2659
488,2660
937,2661
1943,2662
2179,2663
2932,2664
2068,2665
1017,2666
2212,2667
3634,2668
3924,2669
3375,2670
1046,2671
703,2672
3540,2673
2979,2674
2842,2675
201,2676
3567,2677
3797,2678
3906,2679
3537,2680
2753,2681
3110,2682
250,2683
2263,2684
408,2685
511,2686
2494,2687
443,2688
2056,2689
3091,2690
3532,2691
2927,2692
1423,2693
959,2694
3653,2695
3335,2696
3486,2697
1942,2698
3447,2699
964,2700
1008,2701
3642,2702
3122,2703
3806,2704
967,2705
169,2706
1113,2707
1453,2708
418,2709
2035,2710
15,2711
3144,2712
767,2713
2055,2714
1796,2715
638,2716
972,2717
641,2718
753,2719
2086,2720
1646,2721
2298,2722
1006,2723
3921,2724
328,2725
3696,2726
2790,2727
3840,2728
2462,2729
1623,2730
2149,2731
2113,2732
2868,2733
2614,2734
397,2735
1980,2736
2982,2737
2655,2738
1979,2739
2878,2740
2515,2741
1981,2742
1984,2743
2855,2744
3657,2745
3947,2746
3456,2747
1444,2748
3514,2749
2939,2750
2185,2751
659,2752
2764,2753
2983,2754
3850,2755
751,2756
1361,2757
3047,2758
1631,2759
3092,2760
1415,2761
702,2762
2483,2763
3183,2764
2538,2765
793,2766
2776,2767
3470,2768
626,2769
2342,2770
2307,2771
1850,2772
3816,2773
1169,2774
668,2775
3542,2776
2426,2777
3718,2778
3596,2779
2769,2780
3610,2781
3602,2782
1856,2783
3600,2784
3605,2785
190,2786
149,2787
614,2788
98,2789
1355,2790
61,2791
2523,2792
1798,2793
640,2794
386,2795
1351,2796
1473,2797
2893,2798
571,2799
1872,2800
2576,2801
124,2802
452,2803
1650,2804
81,2805
197,2806
2283,2807
371,2808
1899,2809
2250,2810
472,2811
1846,2812
846,2813
3425,2814
3765,2815
148,2816
3218,2817
1114,2818
1880,2819
184,2820
131,2821
697,2822
2873,2823
1043,2824
1044,2825
375,2826
1651,2827
2589,2828
166,2829
202,2830
498,2831
1038,2832
1767,2833
3180,2834
129,2835
1585,2836
1067,2837
1516,2838
1934,2839
178,2840
1677,2841
453,2842
970,2843
2751,2844
1937,2845
2849,2846
295,2847
2128,2848
3691,2849
278,2850
3497,2851
1436,2852
2255,2853
2507,2854
1551,2855
711,2856
1744,2857
704,2858
1867,2859
1495,2860
1826,2861
192,2862
3884,2863
1523,2864
3714,2865
1447,2866
64,2867
1564,2868
712,2869
1117,2870
2869,2871
2127,2872
2157,2873
2773,2874
2943,2875
1216,2876
1549,2877
1656,2878
74,2879
3206,2880
2441,2881
2175,2882
1574,2883
3103,2884
1458,2885
2620,2886
3951,2887
3694,2888
3403,2889
2104,2890
3491,2891
324,2892
251,2893
3013,2894
2637,2895
2634,2896
2969,2897
3737,2898
3076,2899
3820,2900
2356,2901
1874,2902
1854,2903
271,2904
3239,2905
3597,2906
2358,2907
140,2908
2661,2909
1692,2910
980,2911
1181,2912
3768,2913
3805,2914
3767,2915
3433,2916
2737,2917
3431,2918
602,2919
1675,2920
1154,2921
3311,2922
2511,2923
424,2924
1173,2925
1161,2926
2227,2927
1082,2928
3379,2929
2345,2930
669,2931
3427,2932
3496,2933
957,2934
3350,2935
2131,2936
1853,2937
3442,2938
409,2939
3343,2940
3839,2941
3939,2942
3021,2943
3922,2944
3520,2945
2323,2946
2876,2947
746,2948
1741,2949
1814,2950
2242,2951
3898,2952
1105,2953
3780,2954
2477,2955
1026,2956
1728,2957
2419,2958
291,2959
3574,2960
3573,2961
191,2962
92,2963
1861,2964
2536,2965
2479,2966
1397,2967
3644,2968
3487,2969
867,2970
83,2971
3559,2972
3632,2973
84,2974
2215,2975
3640,2976
2221,2977
2211,2978
2207,2979
2209,2980
1471,2981
3131,2982
632,2983
263,2984
1450,2985
760,2986
1111,2987
850,2988
3001,2989
2347,2990
3389,2991
3109,2992
3465,2993
1715,2994
3689,2995
1807,2996
3302,2997
2809,2998
568,2999
1002,3000
3293,3001
1310,3002
1144,3003
37,3004
3790,3005
3106,3006
1475,3007
1477,3008
294,3009
824,3010
864,3011
1758,3012
2892,3013
776,3014
863,3015
298,3016
633,3017
3620,3018
1857,3019
3655,3020
1164,3021
3349,3022
3320,3023
304,3024
3294,3025
2651,3026
2647,3027
3860,3028
3329,3029
3305,3030
1153,3031
1121,3032
1879,3033
212,3034
1383,3035
217,3036
3276,3037
2587,3038
1703,3039
554,3040
619,3041
3854,3042
3862,3043
528,3044
3883,3045
54,3046
75,3047
460,3048
3292,3049
3719,3050
3380,3051
1486,3052
1138,3053
3775,3054
3449,3055
2593,3056
77,3057
643,3058
128,3059
3637,3060
241,3061
3547,3062
925,3063
769,3064
1889,3065
2824,3066
2894,3067
807,3068
3154,3069
3132,3070
2446,3071
1571,3072
503,3073
269,3074
639,3075
119,3076
1898,3077
406,3078
1439,3079
121,3080
2619,3081
844,3082
3162,3083
2251,3084
320,3085
3495,3086
2864,3087
1602,3088
2317,3089
146,3090
577,3091
1679,3092
2831,3093
2509,3094
881,3095
3732,3096
3143,3097
1877,3098
487,3099
3286,3100
1349,3101
1978,3102
359,3103
287,3104
363,3105
3715,3106
3845,3107
97,3108
869,3109
2101,3110
885,3111
391,3112
244,3113
313,3114
888,3115
1326,3116
421,3117
2563,3118
478,3119
3945,3120
3938,3121
1871,3122
2246,3123
3711,3124
3319,3125
3628,3126
853,3127
3223,3128
3112,3129
3221,3130
3643,3131
3776,3132
3690,3133
3904,3134
2050,3135
220,3136
1878,3137
1903,3138
3562,3139
2830,3140
2933,3141
3817,3142
1360,3143
666,3144
696,3145
3415,3146
3885,3147
2768,3148
656,3149
747,3150
3188,3151
2545,3152
470,3153
3774,3154
3664,3155
3663,3156
2636,3157
2638,3158
3833,3159
1780,3160
3395,3161
3913,3162
3041,3163
3042,3164
3464,3165
3517,3166
3539,3167
2820,3168
2984,3169
1511,3170
3601,3171
3853,3172
3843,3173
2286,3174
2537,3175
754,3176
1793,3177
179,3178
3322,3179
2339,3180
310,3181
840,3182
3303,3183
1538,3184
2743,3185
358,3186
182,3187
2749,3188
209,3189
2715,3190
1509,3191
297,3192
183,3193
3050,3194
279,3195
1531,3196
2813,3197
2397,3198
2264,3199
1695,3200
1426,3201
3390,3202
2862,3203
3782,3204
3891,3205
3568,3206
3887,3207
3892,3208
3899,3209
1386,3210
1502,3211
3312,3212
3621,3213
3772,3214
3372,3215
2821,3216
3166,3217
2627,3218
895,3219
142,3220
1718,3221
3667,3222
2742,3223
672,3224
1142,3225
2569,3226
796,3227
2608,3228
3493,3229
644,3230
1652,3231
3488,3232
2484,3233
2235,3234
3876,3235
2584,3236
3731,3237
1040,3238
401,3239
392,3240
573,3241
664,3242
3687,3243
3407,3244
3212,3245
114,3246
579,3247
2233,3248
3136,3249
3419,3250
3641,3251
2512,3252
3058,3253
3828,3254
756,3255
2911,3256
847,3257
1490,3258
789,3259
1764,3260
3216,3261
2923,3262
2667,3263
1787,3264
870,3265
1553,3266
601,3267
623,3268
559,3269
1852,3270
2652,3271
3778,3272
566,3273
2332,3274
3220,3275
3283,3276
1311,3277
3585,3278
974,3279
787,3280
2744,3281
1489,3282
3400,3283
219,3284
1891,3285
3085,3286
2464,3287
2368,3288
886,3289
2534,3290
394,3291
2981,3292
3581,3293
1539,3294
2962,3295
1902,3296
2578,3297
2197,3298
3402,3299
437,3300
710,3301
3331,3302
2602,3303
1613,3304
2562,3305
1749,3306
486,3307
2516,3308
2758,3309
1528,3310
228,3311
2158,3312
1496,3313
2591,3314
3595,3315
3523,3316
815,3317
2008,3318
3474,3319
956,3320
3410,3321
1149,3322
1421,3323
2632,3324
1232,3325
2850,3326
3625,3327
1322,3328
939,3329
1520,3330
3592,3331
2656,3332
1522,3333
3367,3334
3137,3335
2896,3336
3781,3337
96,3338
831,3339
3734,3340
2061,3341
2452,3342
1990,3343
1989,3344
1323,3345
1328,3346
1324,3347
2559,3348
775,3349
1329,3350
3777,3351
2754,3352
561,3353
3282,3354
108,3355
2304,3356
1657,3357
2586,3358
2350,3359
3313,3360
3804,3361
1420,3362
2293,3363
1930,3364
2904,3365
1174,3366
726,3367
690,3368
684,3369
1534,3370
2814,3371
2740,3372
1170,3373
854,3374
716,3375
1000,3376
3563,3377
283,3378
3277,3379
3666,3380
2658,3381
3575,3382
3808,3383
1055,3384
3670,3385
3522,3386
2964,3387
3295,3388
557,3389
3473,3390
2931,3391
3377,3392
3721,3393
2487,3394
1107,3395
2292,3396
1890,3397
2466,3398
1494,3399
3458,3400
755,3401
567,3402
2847,3403
3338,3404
200,3405
2281,3406
2865,3407
1384,3408
1815,3409
2444,3410
2834,3411
3353,3412
2963,3413
2679,3414
3570,3415
958,3416
1770,3417
811,3418
1662,3419
398,3420
3933,3421
1062,3422
1427,3423
3171,3424
3306,3425
823,3426
771,3427
2685,3428
2783,3429
2733,3430
1795,3431
3803,3432
2326,3433
1849,3434
1532,3435
1666,3436
1493,3437
966,3438
463,3439
3126,3440
3830,3441
2129,3442
462,3443
874,3444
1886,3445
3463,3446
734,3447
3878,3448
2039,3449
56,3450
1817,3451
120,3452
1636,3453
3149,3454
3232,3455
2200,3456
749,3457
582,3458
642,3459
3297,3460
2999,3461
1671,3462
732,3463
2930,3464
3026,3465
3187,3466
3472,3467
139,3468
130,3469
3333,3470
3025,3471
1313,3472
655,3473
3648,3474
3485,3475
790,3476
3215,3477
2172,3478
1915,3479
2833,3480
630,3481
103,3482
2887,3483
1720,3484
2343,3485
2244,3486
3207,3487
331,3488
992,3489
3056,3490
1134,3491
2675,3492
3434,3493
2823,3494
1102,3495
681,3496
1851,3497
834,3498
1830,3499
3652,3500
3443,3501
757,3502
3651,3503
3119,3504
3346,3505
1165,3506
2674,3507
2895,3508
3352,3509
3818,3510
2415,3511
889,3512
865,3513
1743,3514
2156,3515
1470,3516
3848,3517
2234,3518
3867,3519
3003,3520
53,3521
1901,3522
3373,3523
2631,3524
3242,3525
872,3526
3381,3527
860,3528
1039,3529
1501,3530
3779,3531
791,3532
3609,3533
33,3534
1567,3535
1724,3536
3245,3537
3233,3538
3237,3539
3762,3540
3205,3541
985,3542
3172,3543
1139,3544
1773,3545
1659,3546
3603,3547
1561,3548
3842,3549
560,3550
2213,3551
975,3552
2934,3553
2217,3554
3202,3555
3376,3556
311,3557
1905,3558
2223,3559
2777,3560
1685,3561
2258,3562
2623,3563
3636,3564
3236,3565
2955,3566
868,3567
977,3568
3413,3569
1316,3570
1071,3571
878,3572
1555,3573
2079,3574
226,3575
2811,3576
827,3577
1070,3578
3378,3579
138,3580
3337,3581
993,3582
3800,3583
981,3584
3460,3585
1133,3586
2299,3587
133,3588
744,3589
3228,3590
607,3591
3123,3592
1160,3593
3027,3594
578,3595
1709,3596
3290,3597
3164,3598
1832,3599
1514,3600
2480,3601
1842,3602
2309,3603
887,3604
3084,3605
2308,3606
1433,3607
3748,3608
624,3609
439,3610
820,3611
3905,3612
1145,3613
1434,3614
1868,3615
404,3616
2191,3617
1579,3618
3533,3619
530,3620
682,3621
591,3622
1315,3623
2438,3624
127,3625
67,3626
657,3627
1843,3628
286,3629
3530,3630
821,3631
2543,3632
2845,3633
402,3634
3607,3635
1558,3636
2909,3637
2198,3638
3288,3639
3866,3640
634,3641
545,3642
167,3643
3647,3644
2556,3645
826,3646
687,3647
3482,3648
3209,3649
3722,3650
859,3651
660,3652
651,3653
1118,3654
774,3655
3057,3656
1430,3657
3065,3658
572,3659
1510,3660
3888,3661
3314,3662
3382,3663
3323,3664
792,3665
814,3666
1548,3667
1364,3668
1115,3669
2277,3670
1908,3671
1630,3672
3321,3673
884,3674
2254,3675
706,3676
2226,3677
989,3678
3184,3679
717,3680
2592,3681
2510,3682
3890,3683
1714,3684
3881,3685
679,3686
3631,3687
396,3688
701,3689
1820,3690
763,3691
584,3692
2214,3693
3229,3694
843,3695
3336,3696
658,3697
3315,3698
3280,3699
134,3700
2218,3701
3656,3702
3291,3703
2703,3704
576,3705
